node,source,function,total_flops,total_int_ops,total_mem_bytes,arithmetic_intensity
multi_object_tracker,bicycle_motion_model,_ZN8autoware20multi_object_tracker20KalmanFilterTemplateILi6ELi2ELi0EdE6updateILi6EEEbRKN5Eigen6Matr,288,0,640,0.45
shape_estimation,utils,_ZN8autoware16shape_estimation15corrector_utils23correctWithReferenceYawERKNS1_22CorrectionBBParamet,222,1,480,0.4625
velocity_smoother,velocity_planning_utils,_ZN8autoware17velocity_smoother34analytical_velocity_planning_utils24updateStopVelocityStatusEddddiR,206,3,368,0.5597826086956522
multi_object_tracker,bicycle_motion_model,_ZN5Eigen8internal10AssignmentINS_6MatrixIdLi6ELi6ELi1ELi6ELi6EEENS_7ProductINS4_INS2_IdLi6ELi6ELi0E,198,0,456,0.4342105263157895
multi_object_tracker,bicycle_motion_model,_ZN5Eigen8internal10AssignmentINS_6MatrixIdLi6ELi6ELi0ELi6ELi6EEENS_7ProductINS4_IS3_S3_Li0EEES3_Li1,198,0,332,0.5963855421686747
multi_object_tracker,odometry,_ZN3tf219transformCovarianceERKSt5arrayIdLm36EERKNS_9TransformE,180,0,288,0.625
ndt_scan_matcher,ndt_scan_matcher_core,_ZN3tf219transformCovarianceERKSt5arrayIdLm36EERKNS_9TransformE,180,0,288,0.625
shape_estimation,utils,_ZN8autoware16shape_estimation15corrector_utils35correctWithReferenceYawAndShapeSizeERKNS0_22Referen,170,1,464,0.36637931034482757
ekf_localizer,mahalanobis,_ZN5Eigen8internal11gebp_kernelIddlNS0_16blas_data_mapperIdlLi0ELi0ELi1EEELi4ELi4ELb0ELb0EEclERKS3_P,160,11,64,2.5
ekf_localizer,mahalanobis,_ZN5Eigen8internal11gebp_kernelIddlNS0_16blas_data_mapperIdlLi0ELi0ELi1EEELi4ELi4ELb0ELb0EEclERKS3_P,160,26,304,0.5263157894736842
multi_object_tracker,bicycle_motion_model,_ZN5Eigen8internal11gebp_kernelIddlNS0_16blas_data_mapperIdlLi0ELi0ELi1EEELi4ELi4ELb0ELb0EEclERKS3_P,160,11,64,2.5
multi_object_tracker,bicycle_motion_model,_ZN5Eigen8internal11gebp_kernelIddlNS0_16blas_data_mapperIdlLi0ELi0ELi1EEELi4ELi4ELb0ELb0EEclERKS3_P,160,26,304,0.5263157894736842
multi_object_tracker,uncertainty_processor,_ZN5Eigen8internal11gebp_kernelIddlNS0_16blas_data_mapperIdlLi0ELi0ELi1EEELi4ELi4ELb0ELb0EEclERKS3_P,160,11,64,2.5
multi_object_tracker,uncertainty_processor,_ZN5Eigen8internal11gebp_kernelIddlNS0_16blas_data_mapperIdlLi0ELi0ELi1EEELi4ELi4ELb0ELb0EEclERKS3_P,160,26,304,0.5263157894736842
multi_object_tracker,unknown_tracker,_ZN5Eigen8internal11gebp_kernelIddlNS0_16blas_data_mapperIdlLi0ELi0ELi1EEELi4ELi4ELb0ELb0EEclERKS3_P,160,11,64,2.5
multi_object_tracker,unknown_tracker,_ZN5Eigen8internal11gebp_kernelIddlNS0_16blas_data_mapperIdlLi0ELi0ELi1EEELi4ELi4ELb0ELb0EEclERKS3_P,160,26,304,0.5263157894736842
autonomous_emergency_braking,node,_ZN5boost8geometry8strategy4side16side_by_triangleIvE18compute_side_valueIddLb0EE5applyIN23autoware_,146,15,216,0.6759259259259259
map_based_prediction,predictor_vru,_ZN5boost8geometry8strategy12intersection18cartesian_segmentsIvE7unifiedINS0_13segment_ratioIdEENS4_,146,18,404,0.3613861386138614
map_based_prediction,predictor_vru,_ZN5boost8geometry8strategy4side16side_by_triangleIvE18compute_side_valueIddLb0EE5applyIN5Eigen6Matr,146,15,216,0.6759259259259259
map_based_prediction,predictor_vru,_ZN5boost8geometry8strategy4side16side_by_triangleIvE18compute_side_valueIddLb0EE5applyINS0_5model2d,146,15,216,0.6759259259259259
map_based_prediction,predictor_vru,_ZN5boost8geometry8strategy4side16side_by_triangleIvE18compute_side_valueIddLb0EE5applyIN5Eigen6Matr,146,15,216,0.6759259259259259
map_based_prediction,predictor_vru,_ZN5boost8geometry8strategy4side16side_by_triangleIvE18compute_side_valueIddLb0EE5applyINS0_5model2d,146,15,216,0.6759259259259259
map_based_prediction,predictor_vru,_ZN5boost8geometry8strategy4side16side_by_triangleIvE18compute_side_valueIddLb0EE5applyIN5Eigen6Matr,146,15,216,0.6759259259259259
map_based_prediction,predictor_vru,_ZN5boost8geometry8strategy12intersection18cartesian_segmentsIvE7unifiedINS0_13segment_ratioIdEENS4_,146,18,404,0.3613861386138614
map_based_prediction,utils,_ZN5boost8geometry8strategy4side16side_by_triangleIvE18compute_side_valueIddLb0EE5applyIN5Eigen6Matr,146,15,216,0.6759259259259259
multi_object_tracker,shapes,_ZN5boost8geometry8strategy4side16side_by_triangleIvE18compute_side_valueIddLb0EE5applyIN23autoware_,146,15,216,0.6759259259259259
multi_object_tracker,cv_motion_model,_ZN8autoware20multi_object_tracker20KalmanFilterTemplateILi4ELi2ELi0EdE6updateILi2EEEbRKN5Eigen6Matr,143,0,240,0.5958333333333333
shape_estimation,utils,_ZN8autoware16shape_estimation15corrector_utils32correctWithReferenceShapeAndPoseERKNS0_22ReferenceS,143,1,432,0.33101851851851855
velocity_smoother,velocity_planning_utils,_ZN8autoware17velocity_smoother34analytical_velocity_planning_utils37calcStopDistWithJerkAndAccConst,137,57,1872,0.07318376068376069
multi_object_tracker,ctrv_motion_model,_ZN5Eigen8internal26call_dense_assignment_loopINS_6MatrixIdLi5ELi5ELi0ELi5ELi5EEENS_7ProductINS4_INS,135,0,824,0.1638349514563107
multi_object_tracker,ctrv_motion_model,_ZN5Eigen8internal26call_dense_assignment_loopINS_6MatrixIdLi5ELi5ELi0ELi5ELi5EEENS_7ProductINS4_INS,135,0,824,0.1638349514563107
multi_object_tracker,ctrv_motion_model,_ZN5Eigen8internal26call_dense_assignment_loopINS_6MatrixIdLi5ELi5ELi0ELi5ELi5EEENS_7ProductINS4_INS,135,0,732,0.18442622950819673
multi_object_tracker,ctrv_motion_model,_ZN5Eigen8internal10AssignmentINS_6MatrixIdLi5ELi5ELi1ELi5ELi5EEENS_7ProductINS4_INS2_IdLi5ELi5ELi0E,135,0,416,0.3245192307692308
multi_object_tracker,bicycle_motion_model,_ZN5Eigen8internal10AssignmentINS_6MatrixIdLi4ELi4ELi1ELi4ELi4EEENS_7ProductINS4_INS2_IdLi4ELi6ELi0E,132,0,432,0.3055555555555556
multi_object_tracker,bicycle_motion_model,_ZN5Eigen8internal10AssignmentINS_6MatrixIdLi6ELi4ELi0ELi6ELi4EEENS_7ProductINS4_INS2_IdLi6ELi6ELi0E,132,0,320,0.4125
multi_object_tracker,cv_motion_model,_ZN5Eigen8internal26call_dense_assignment_loopINS_6MatrixIdLi4ELi4ELi0ELi4ELi4EEENS_13CwiseBinaryOpI,128,0,1288,0.09937888198757763
multi_object_tracker,bicycle_motion_model,_ZN5Eigen8internal10AssignmentINS_6MatrixIdLi6ELi6ELi0ELi6ELi6EEENS_7ProductINS4_INS2_IdLi6ELi4ELi0E,126,0,236,0.5338983050847458
multi_object_tracker,odometry,_ZNK8autoware20multi_object_tracker8Odometry16transformObjectsERKNS0_5types17DynamicObjectListE,121,4,683,0.17715959004392387
shape_estimation,utils,_ZN5Eigen9JacobiSVDINS_6MatrixIdLi3ELi3ELi0ELi3ELi3EEELi2EE7computeERKS2_j.extracted.26,119,8,436,0.27293577981651373
shape_estimation,utils,_ZN5Eigen9JacobiSVDINS_6MatrixIdLi3ELi3ELi0ELi3ELi3EEELi2EE7computeERKS2_j.extracted.26.instrumented,119,54,1172,0.1015358361774744
shape_estimation,utils,_ZN8autoware16shape_estimation15corrector_utils23correctWithDefaultValueERKNS1_22CorrectionBBParamet,109,16,700,0.15571428571428572
multi_object_tracker,bicycle_motion_model,_ZNK5Eigen9DenseBaseINS_13CwiseBinaryOpINS_8internal13scalar_cmp_opIddLNS2_14ComparisonNameE0EEEKNS_,108,0,1184,0.09121621621621621
multi_object_tracker,ctrv_motion_model,_ZN5Eigen8internal26call_dense_assignment_loopINS_6MatrixIdLi5ELi4ELi0ELi5ELi4EEENS_7ProductINS4_INS,108,0,384,0.28125
multi_object_tracker,ctrv_motion_model,_ZN8autoware20multi_object_tracker20KalmanFilterTemplateILi5ELi2ELi0EdE6updateILi3EEEbRKN5Eigen6Matr,105,0,692,0.15173410404624277
multi_object_tracker,ctrv_motion_model,_ZN5Eigen8internal26call_dense_assignment_loopINS_6MatrixIdLi5ELi5ELi0ELi5ELi5EEENS_7ProductINS2_IdL,105,1,736,0.14266304347826086
autonomous_emergency_braking,node,_ZN5boost8geometry6detail7overlay5touchINS2_9turn_infoIN23autoware_utils_geometry7Point2dENS0_13segm,104,41,717,0.14504881450488144
multi_object_tracker,shapes,_ZN5boost8geometry6detail7overlay5touchINS2_19traversal_turn_infoIN23autoware_utils_geometry7Point2d,104,41,717,0.14504881450488144
multi_object_tracker,shapes,_ZN5boost8geometry6detail7overlay5touchINS2_9turn_infoIN23autoware_utils_geometry7Point2dENS0_13segm,104,41,717,0.14504881450488144
multi_object_tracker,shapes,_ZNK5boost8geometry6detail7overlay12sort_by_side12less_by_sideIN23autoware_utils_geometry7Point2dENS,100,3,320,0.3125
multi_object_tracker,shapes,_ZNK5boost8geometry6detail7overlay12sort_by_side12less_by_sideIN23autoware_utils_geometry7Point2dENS,100,2,632,0.15822784810126583
multi_object_tracker,shapes,_ZNK5boost8geometry6detail7overlay12sort_by_side12less_by_sideIN23autoware_utils_geometry7Point2dENS,100,3,320,0.3125
multi_object_tracker,shapes,_ZNK5boost8geometry6detail7overlay12sort_by_side12less_by_sideIN23autoware_utils_geometry7Point2dENS,100,2,632,0.15822784810126583
map_based_prediction,predictor_vru,_ZN5boost8geometry6detail15closest_feature20point_to_point_rangeIN5Eigen6MatrixIdLi2ELi1ELi2ELi2ELi1,99,0,224,0.4419642857142857
map_based_prediction,utils,_ZN5boost8geometry6detail15closest_feature20point_to_point_rangeIN5Eigen6MatrixIdLi2ELi1ELi2ELi2ELi1,99,0,224,0.4419642857142857
map_based_prediction,predictor_vru,_ZN5boost8geometry8strategy12intersection18cartesian_segmentsIvE16relate_collinearINS0_8policies6rel,96,11,300,0.32
map_based_prediction,predictor_vru,_ZN5boost8geometry8strategy12intersection18cartesian_segmentsIvE16relate_collinearINS0_8policies6rel,96,11,300,0.32
autonomous_emergency_braking,node,_ZSt22__move_median_to_firstIN9__gnu_cxx17__normal_iteratorIPN23autoware_utils_geometry7Point2dESt6v,95,15,112,0.8482142857142857
multi_object_tracker,shapes,_ZSt22__move_median_to_firstIN9__gnu_cxx17__normal_iteratorIPN23autoware_utils_geometry7Point2dESt6v,95,15,112,0.8482142857142857
velocity_smoother,analytical_jerk_constrained_smoother,_ZNK8autoware17velocity_smoother33AnalyticalJerkConstrainedSmoother18resampleTrajectoryERKSt6vectorI,94,20,757,0.12417437252311757
multi_object_tracker,ctrv_motion_model,_ZN5Eigen8internal21dense_assignment_loopINS0_31generic_dense_assignment_kernelINS0_9evaluatorINS_6M,90,0,840,0.10714285714285714
multi_object_tracker,ctrv_motion_model,_ZN5Eigen8internal21dense_assignment_loopINS0_31generic_dense_assignment_kernelINS0_9evaluatorINS_6M,90,0,1080,0.08333333333333333
ndt_scan_matcher,multi_voxel_grid_covariance_omp,_ZNK6pclomp24MultiVoxelGridCovarianceIN3pcl8PointXYZEE17computeLeafParamsERKN5Eigen6MatrixIdLi3ELi1E,88,1,374,0.23529411764705882
ndt_scan_matcher,multi_voxel_grid_covariance_omp,_ZNK6pclomp24MultiVoxelGridCovarianceIN3pcl9PointXYZIEE17computeLeafParamsERKN5Eigen6MatrixIdLi3ELi1,88,1,374,0.23529411764705882
ndt_scan_matcher,ndt_scan_matcher_core,_ZN8autoware16ndt_scan_matcher14NDTScanMatcher27callback_sensor_points_mainESt10shared_ptrIKN11senso,87,155,6808,0.012779083431257344
ndt_scan_matcher,multi_voxel_grid_covariance_omp,_ZN5Eigen8internal27computeFromTridiagonal_implINS_6MatrixIdLi3ELi3ELi0ELi3ELi3EEENS2_IdLi3ELi1ELi0E,86,14,420,0.20476190476190476
ekf_localizer,mahalanobis,_ZN5Eigen8internal22lhs_process_one_packetILi4ELl2ELl1EdddDv2_dS2_S2_S2_NS0_11gebp_traitsIddLb0ELb0E,84,9,32,2.625
ekf_localizer,mahalanobis,_ZN5Eigen8internal22lhs_process_one_packetILi4ELl2ELl1EdddDv2_dS2_S2_S2_NS0_11gebp_traitsIddLb0ELb0E,84,24,272,0.3088235294117647
multi_object_tracker,bicycle_motion_model,_ZN5Eigen8internal21dense_assignment_loopINS0_31generic_dense_assignment_kernelINS0_9evaluatorINS_6M,84,0,912,0.09210526315789473
multi_object_tracker,bicycle_motion_model,_ZN5Eigen8internal22lhs_process_one_packetILi4ELl2ELl1EdddDv2_dS2_S2_S2_NS0_11gebp_traitsIddLb0ELb0E,84,9,32,2.625
multi_object_tracker,bicycle_motion_model,_ZN5Eigen8internal22lhs_process_one_packetILi4ELl2ELl1EdddDv2_dS2_S2_S2_NS0_11gebp_traitsIddLb0ELb0E,84,24,272,0.3088235294117647
multi_object_tracker,uncertainty_processor,_ZN5Eigen8internal22lhs_process_one_packetILi4ELl2ELl1EdddDv2_dS2_S2_S2_NS0_11gebp_traitsIddLb0ELb0E,84,9,32,2.625
multi_object_tracker,uncertainty_processor,_ZN5Eigen8internal22lhs_process_one_packetILi4ELl2ELl1EdddDv2_dS2_S2_S2_NS0_11gebp_traitsIddLb0ELb0E,84,24,272,0.3088235294117647
multi_object_tracker,unknown_tracker,_ZN5Eigen8internal22lhs_process_one_packetILi4ELl2ELl1EdddDv2_dS2_S2_S2_NS0_11gebp_traitsIddLb0ELb0E,84,9,32,2.625
multi_object_tracker,unknown_tracker,_ZN5Eigen8internal22lhs_process_one_packetILi4ELl2ELl1EdddDv2_dS2_S2_S2_NS0_11gebp_traitsIddLb0ELb0E,84,24,272,0.3088235294117647
multi_object_tracker,bicycle_motion_model,_ZN8autoware20multi_object_tracker20KalmanFilterTemplateILi6ELi2ELi0EdE6updateILi4EEEbRKN5Eigen6Matr,82,0,604,0.1357615894039735
multi_object_tracker,ctrv_motion_model,_ZN5Eigen8internal26call_dense_assignment_loopINS_6MatrixIdLi2ELi2ELi1ELi2ELi2EEENS_7ProductINS4_INS,81,0,216,0.375
multi_object_tracker,ctrv_motion_model,_ZN5Eigen8internal10AssignmentINS_6MatrixIdLi3ELi3ELi1ELi3ELi3EEENS_7ProductINS4_INS2_IdLi3ELi5ELi0E,81,0,664,0.12198795180722892
shape_estimation,utils,_ZNK5Eigen9TransformIdLi3ELi2ELi0EE22computeRotationScalingINS_6MatrixIdLi3ELi3ELi0ELi3ELi3EEES4_EEv,80,0,592,0.13513513513513514
velocity_smoother,trajectory_utils,_ZN23autoware_utils_geometry22calc_interpolated_poseIN13geometry_msgs3msg5Pose_ISaIvEEES5_EES5_RKT_R,78,3,348,0.22413793103448276
multi_object_tracker,bicycle_motion_model,_ZN5Eigen8internal10AssignmentINS_6MatrixIdLi4ELi4ELi0ELi4ELi4EEENS_7InverseIS3_EENS0_9assign_opIddE,77,0,40,1.925
multi_object_tracker,ctrv_motion_model,_ZN5Eigen8internal10AssignmentINS_6MatrixIdLi4ELi4ELi0ELi4ELi4EEENS_7InverseIS3_EENS0_9assign_opIddE,77,0,40,1.925
multi_object_tracker,cv_motion_model,_ZN5Eigen8internal10AssignmentINS_6MatrixIdLi4ELi4ELi0ELi4ELi4EEENS_7InverseIS3_EENS0_9assign_opIddE,77,0,40,1.925
autonomous_emergency_braking,node,_ZN5boost8geometry8strategy11convex_hull6detail12get_extremesINS0_5model4ringIN23autoware_utils_geom,76,12,154,0.4935064935064935
multi_object_tracker,shapes,_ZN5boost8geometry8strategy11convex_hull6detail12get_extremesINS0_5model4ringIN23autoware_utils_geom,76,12,154,0.4935064935064935
multi_object_tracker,tracker_base,_ZN8autoware20multi_object_tracker7Tracker23createPseudoMeasurementERKNS0_5types13DynamicObjectERS3_,76,0,117,0.6495726495726496
map_based_prediction,map_based_prediction_node,_ZNK8autoware20map_based_prediction22MapBasedPredictionNode32searchProperStartingRefPathIndexERKN24a,75,12,192,0.390625
multi_object_tracker,ctrv_motion_model,_ZN5Eigen8internal21dense_assignment_loopINS0_31generic_dense_assignment_kernelINS0_9evaluatorINS_6M,75,0,964,0.07780082987551867
multi_object_tracker,ctrv_motion_model,_ZN8autoware20multi_object_tracker20KalmanFilterTemplateILi5ELi2ELi0EdE6updateILi4EEEbRKN5Eigen6Matr,73,0,776,0.09407216494845361
multi_object_tracker,bicycle_motion_model,_ZNK5Eigen9DenseBaseINS_13CwiseBinaryOpINS_8internal13scalar_cmp_opIddLNS2_14ComparisonNameE0EEEKNS_,72,0,800,0.09
multi_object_tracker,ctrv_motion_model,_ZN5Eigen8internal21dense_assignment_loopINS0_31generic_dense_assignment_kernelINS0_9evaluatorINS_6M,72,0,840,0.08571428571428572
multi_object_tracker,ctrv_motion_model,_ZN5Eigen8internal21dense_assignment_loopINS0_31generic_dense_assignment_kernelINS0_9evaluatorINS_6M,72,0,840,0.08571428571428572
multi_object_tracker,ctrv_motion_model,_ZN5Eigen8internal21dense_assignment_loopINS0_31generic_dense_assignment_kernelINS0_9evaluatorINS_6M,70,0,984,0.07113821138211382
autonomous_emergency_braking,node,_ZN8autoware6motion7control28autonomous_emergency_braking3AEB37createObjectDataUsingPredictedObjects,69,30,806,0.08560794044665013
map_based_prediction,predictor_vru,_ZN5boost8geometry6detail7overlay27get_turn_info_linear_linearINS1_8disjoint22assign_disjoint_policy,68,25,977,0.06960081883316274
multi_object_tracker,bicycle_motion_model,_ZNK8autoware20multi_object_tracker18BicycleMotionModel16predictStateStepEdRNS0_20KalmanFilterTempla,66,0,400,0.165
multi_object_tracker,bicycle_motion_model,_ZN5Eigen8internal21dense_assignment_loopINS0_31generic_dense_assignment_kernelINS0_9evaluatorINS_6M,66,2,672,0.09821428571428571
multi_object_tracker,bicycle_motion_model,_ZN5Eigen8internal21dense_assignment_loopINS0_31generic_dense_assignment_kernelINS0_9evaluatorINS_6M,66,6,736,0.08967391304347826
autonomous_emergency_braking,node,_ZN5boost8geometry6detail18get_rescale_policy18get_rescale_policyINS1_13robust_policyIN23autoware_ut,65,1,276,0.23550724637681159
multi_object_tracker,shapes,_ZN5boost8geometry6detail18get_rescale_policy18get_rescale_policyINS1_13robust_policyIN23autoware_ut,65,1,276,0.23550724637681159
map_based_prediction,path_generator,_ZNK3tf210Quaternion5slerpERKS0_RKd,64,0,160,0.4
velocity_smoother,analytical_jerk_constrained_smoother,_ZNK3tf210Quaternion5slerpERKS0_RKd,64,0,160,0.4
velocity_smoother,trajectory_utils,_ZNK3tf210Quaternion5slerpERKS0_RKd,64,0,160,0.4
ekf_localizer,mahalanobis,_ZN5Eigen8internal11gebp_kernelIddlNS0_16blas_data_mapperIdlLi0ELi0ELi1EEELi4ELi4ELb0ELb0EEclERKS3_P,63,59,392,0.16071428571428573
map_based_prediction,path_generator,_ZNK8autoware20map_based_prediction13PathGenerator18generateFrenetPathERKNS0_11FrenetPointES4_ddd,63,5,268,0.23507462686567165
multi_object_tracker,bicycle_motion_model,_ZN5Eigen8internal11gebp_kernelIddlNS0_16blas_data_mapperIdlLi0ELi0ELi1EEELi4ELi4ELb0ELb0EEclERKS3_P,63,59,392,0.16071428571428573
multi_object_tracker,ctrv_motion_model,_ZN8autoware20multi_object_tracker20KalmanFilterTemplateILi5ELi2ELi0EdE6updateILi2EEEbRKN5Eigen6Matr,63,0,400,0.1575
multi_object_tracker,uncertainty_processor,_ZN5Eigen8internal11gebp_kernelIddlNS0_16blas_data_mapperIdlLi0ELi0ELi1EEELi4ELi4ELb0ELb0EEclERKS3_P,63,59,392,0.16071428571428573
multi_object_tracker,unknown_tracker,_ZN5Eigen8internal11gebp_kernelIddlNS0_16blas_data_mapperIdlLi0ELi0ELi1EEELi4ELi4ELb0ELb0EEclERKS3_P,63,59,392,0.16071428571428573
multi_object_tracker,processor,_ZNK8autoware20multi_object_tracker16TrackerProcessor16getMergedObjectsERKN6rclcpp4TimeERKN13geometr,61,2,188,0.324468085106383
multi_object_tracker,processor,_ZNK8autoware20multi_object_tracker16TrackerProcessor16getMergedObjectsERKN6rclcpp4TimeERKN13geometr,61,6,252,0.24206349206349206
multi_object_tracker,static_motion_model,_ZN8autoware20multi_object_tracker17StaticMotionModel15updateStatePoseERKdS3_RKSt5arrayIdLm36EE,61,0,89,0.6853932584269663
multi_object_tracker,uncertainty_processor,_ZN8autoware20multi_object_tracker11uncertainty22addOdometryUncertaintyERKN8nav_msgs3msg9Odometry_IS,61,49,1496,0.04077540106951872
multi_object_tracker,association,_ZN5boost8geometry5index6detail5rtree21redistribute_elementsINS1_5rtreeISt4pairINS0_5model5pointIdLm,60,17,640,0.09375
multi_object_tracker,ctrv_motion_model,_ZNK5Eigen9DenseBaseINS_13CwiseBinaryOpINS_8internal13scalar_cmp_opIddLNS2_14ComparisonNameE0EEEKNS_,60,0,672,0.08928571428571429
multi_object_tracker,processor,_ZN5boost8geometry5index6detail5rtree21redistribute_elementsINS1_5rtreeISt4pairINS0_5model5pointIdLm,60,17,640,0.09375
shape_estimation,bounding_box,_ZN8autoware16shape_estimation5model21BoundingBoxShapeModel13boostOptimizeERKN3pcl10PointCloudINS3_8,60,2,16,3.75
shape_estimation,tensorrt_shape_estimator,_ZN8autoware16shape_estimation17TrtShapeEstimator10preprocessERKN21tier4_perception_msgs3msg27Detect,60,60,1142,0.05253940455341506
map_based_prediction,predictor_vru,_ZN8autoware20map_based_prediction12PredictorVru33getPredictedObjectAsCrosswalkUserERKN24autoware_pe,59,49,2230,0.026457399103139014
autonomous_emergency_braking,node,_ZSt13__adjust_heapIN9__gnu_cxx17__normal_iteratorIPN23autoware_utils_geometry7Point2dESt6vectorIS3_,57,14,112,0.5089285714285714
map_based_prediction,path_generator,_ZZNK8autoware20map_based_prediction13PathGenerator14getFrenetPointERKN24autoware_perception_msgs3ms,57,3,160,0.35625
multi_object_tracker,shapes,_ZSt13__adjust_heapIN9__gnu_cxx17__normal_iteratorIPN23autoware_utils_geometry7Point2dESt6vectorIS3_,57,14,112,0.5089285714285714
multi_object_tracker,cv_motion_model,_ZN5Eigen8internal21dense_assignment_loopINS0_31generic_dense_assignment_kernelINS0_9evaluatorINS_6M,56,0,608,0.09210526315789473
multi_object_tracker,cv_motion_model,_ZN5Eigen8internal21dense_assignment_loopINS0_31generic_dense_assignment_kernelINS0_9evaluatorINS_6M,56,0,608,0.09210526315789473
multi_object_tracker,cv_motion_model,_ZN5Eigen8internal21dense_assignment_loopINS0_31generic_dense_assignment_kernelINS0_9evaluatorINS_6M,56,0,608,0.09210526315789473
multi_object_tracker,cv_motion_model,_ZN5Eigen8internal21dense_assignment_loopINS0_31generic_dense_assignment_kernelINS0_9evaluatorINS_6M,56,0,608,0.09210526315789473
multi_object_tracker,cv_motion_model,_ZN5Eigen8internal21dense_assignment_loopINS0_31generic_dense_assignment_kernelINS0_9evaluatorINS_6M,56,0,608,0.09210526315789473
ekf_localizer,mahalanobis,_ZN5Eigen8internal29general_matrix_vector_productIldNS0_22const_blas_data_mapperIdlLi1EEELi1ELb0EdNS,55,74,696,0.07902298850574713
map_based_prediction,map_based_prediction_node,_ZN8autoware20map_based_prediction22MapBasedPredictionNode40isLateralAccelerationConstraintSatisfied,55,4,148,0.3716216216216216
multi_object_tracker,uncertainty_processor,_ZN5Eigen8internal29general_matrix_vector_productIldNS0_22const_blas_data_mapperIdlLi1EEELi1ELb0EdNS,55,74,696,0.07902298850574713
multi_object_tracker,unknown_tracker,_ZN5Eigen8internal29general_matrix_vector_productIldNS0_22const_blas_data_mapperIdlLi1EEELi1ELb0EdNS,55,74,696,0.07902298850574713
autonomous_emergency_braking,node,_ZN5boost8geometry8strategy12intersection18cartesian_segmentsIvE7unifiedINS0_13segment_ratioIxEENS4_,54,35,584,0.09246575342465753
multi_object_tracker,shapes,_ZN5boost8geometry8strategy12intersection18cartesian_segmentsIvE7unifiedINS0_13segment_ratioIxEENS4_,54,35,584,0.09246575342465753
map_based_prediction,map_based_prediction_node,_ZN8autoware20map_based_prediction22MapBasedPredictionNode29getPredictionForVehicleObjectERKN8std_ms,53,53,2534,0.020915548539857932
map_based_prediction,path_generator,_ZNK8autoware20map_based_prediction13PathGenerator14getFrenetPointERKN24autoware_perception_msgs3msg,53,0,161,0.32919254658385094
map_based_prediction,predictor_vru,_ZN8autoware20map_based_prediction12PredictorVru30hasPotentialToReachWithHistoryERKN24autoware_perce,53,9,628,0.08439490445859872
autonomous_emergency_braking,utils,_ZN8autoware6motion7control28autonomous_emergency_braking5utils41convertBoundingBoxObjectToGeometryP,50,1,156,0.32051282051282054
autonomous_emergency_braking,node,_ZN5boost8geometry6detail7overlay9collinearINS2_9turn_infoIN23autoware_utils_geometry7Point2dENS0_13,49,11,642,0.0763239875389408
multi_object_tracker,shapes,_ZN8autoware20multi_object_tracker6shapes19get3dGeneralizedIoUERKNS0_5types13DynamicObjectES5_,49,10,416,0.11778846153846154
multi_object_tracker,shapes,_ZN5boost8geometry6detail7overlay9collinearINS2_19traversal_turn_infoIN23autoware_utils_geometry7Poi,49,11,642,0.0763239875389408
multi_object_tracker,shapes,_ZN5boost8geometry6detail7overlay9collinearINS2_9turn_infoIN23autoware_utils_geometry7Point2dENS0_13,49,11,642,0.0763239875389408
multi_object_tracker,ctrv_motion_model,_ZN5Eigen8internal21dense_assignment_loopINS0_31generic_dense_assignment_kernelINS0_9evaluatorINS_6M,48,0,568,0.08450704225352113
multi_object_tracker,cv_motion_model,_ZNK5Eigen9DenseBaseINS_13CwiseBinaryOpINS_8internal13scalar_cmp_opIddLNS2_14ComparisonNameE0EEEKNS_,48,0,544,0.08823529411764706
multi_object_tracker,processor,_ZNK8autoware20multi_object_tracker16TrackerProcessor16getMergedObjectsERKN6rclcpp4TimeERKN13geometr,48,0,88,0.5454545454545454
multi_object_tracker,processor,_ZNK8autoware20multi_object_tracker16TrackerProcessor16getMergedObjectsERKN6rclcpp4TimeERKN13geometr,48,5,168,0.2857142857142857
map_based_prediction,predictor_vru,_ZN5boost8geometry6detail7overlay9collinearINS2_9turn_infoINS0_5model2d28point_xyIdNS0_2cs9cartesian,47,7,411,0.11435523114355231
map_based_prediction,predictor_vru,_ZN5boost8geometry6detail7overlay9collinearINS2_9turn_infoIN5Eigen6MatrixIdLi2ELi1ELi0ELi2ELi1EEENS0,47,11,482,0.0975103734439834
velocity_smoother,trajectory_utils,_ZN8autoware17velocity_smoother16trajectory_utils31calcStopDistWithJerkConstraintsEddddddRSt3mapIddS,47,37,1686,0.027876631079478055
ekf_localizer,ekf_module,_ZN8autoware13ekf_localizer9EKFModule25compensate_rph_with_delayERKN13geometry_msgs3msg26PoseWithCov,46,2,137,0.3357664233576642
ekf_localizer,ekf_module,_ZN8autoware13ekf_localizer9EKFModule10initializeERKN13geometry_msgs3msg26PoseWithCovarianceStamped_,45,11,404,0.11138613861386139
multi_object_tracker,ctrv_motion_model,_ZNK5Eigen9DenseBaseINS_13CwiseBinaryOpINS_8internal13scalar_cmp_opIddLNS2_14ComparisonNameE0EEEKNS_,45,0,512,0.087890625
ekf_localizer,mahalanobis,_ZN5Eigen8internal29general_matrix_vector_productIldNS0_22const_blas_data_mapperIdlLi0EEELi0ELb0EdNS,44,25,268,0.16417910447761194
map_based_prediction,predictor_vru,_ZN5boost8geometry6detail7overlay26get_turn_info_linear_arealINS2_18assign_null_policyEE25calculate_,44,10,281,0.15658362989323843
multi_object_tracker,association,_ZN5boost8geometry5index6detail5rtree21redistribute_elementsINS1_5rtreeISt4pairINS0_5model5pointIdLm,44,17,544,0.08088235294117647
multi_object_tracker,processor,_ZN5boost8geometry5index6detail5rtree21redistribute_elementsINS1_5rtreeISt4pairINS0_5model5pointIdLm,44,17,544,0.08088235294117647
multi_object_tracker,uncertainty_processor,_ZN5Eigen8internal29general_matrix_vector_productIldNS0_22const_blas_data_mapperIdlLi0EEELi0ELb0EdNS,44,25,268,0.16417910447761194
multi_object_tracker,unknown_tracker,_ZN5Eigen8internal29general_matrix_vector_productIldNS0_22const_blas_data_mapperIdlLi0EEELi0ELb0EdNS,44,25,268,0.16417910447761194
ndt_scan_matcher,ndt_scan_matcher_core,_ZN3tf211doTransformIN13geometry_msgs3msg26PoseWithCovarianceStamped_ISaIvEEEEEvRKT_RS6_RKNS2_17Tran,44,0,476,0.09243697478991597
shape_estimation,tensorrt_shape_estimator,_ZN8autoware16shape_estimation17TrtShapeEstimator23feed_forward_and_decodeERKN21tier4_perception_msg,44,20,655,0.06717557251908397
map_based_prediction,predictor_vru,_ZNK5boost8geometry6detail9get_turns29unique_sub_range_from_sectionILb0ENS0_7sectionINS0_5model3boxI,43,5,273,0.1575091575091575
map_based_prediction,predictor_vru,_ZNK5boost8geometry6detail9get_turns29unique_sub_range_from_sectionILb0ENS0_7sectionINS0_5model3boxI,43,5,273,0.1575091575091575
velocity_smoother,jerk_filtered_smoother,_ZN8autoware17velocity_smoother20JerkFilteredSmoother5applyEddRKSt6vectorIN22autoware_planning_msgs3,43,151,2750,0.015636363636363636
autonomous_emergency_braking,node,_ZSt25__unguarded_linear_insertIN9__gnu_cxx17__normal_iteratorIPN23autoware_utils_geometry7Point2dES,42,2,96,0.4375
autonomous_emergency_braking,node,_ZN5boost8geometry6detail7overlay5equalINS2_9turn_infoIN23autoware_utils_geometry7Point2dENS0_13segm,42,14,288,0.14583333333333334
map_based_prediction,map_based_prediction_node,_ZN8autoware20map_based_prediction22MapBasedPredictionNode22updateRoadUsersHistoryERKN8std_msgs3msg7,42,20,903,0.046511627906976744
map_based_prediction,map_based_prediction_node,_ZN8autoware20map_based_prediction22MapBasedPredictionNode38predictObjectManeuverByLatDiffDistanceER,42,57,1448,0.029005524861878452
multi_object_tracker,shapes,_ZN5boost8geometry6detail7overlay5equalINS2_19traversal_turn_infoIN23autoware_utils_geometry7Point2d,42,14,288,0.14583333333333334
multi_object_tracker,shapes,_ZN5boost8geometry6detail7overlay5equalINS2_9turn_infoIN23autoware_utils_geometry7Point2dENS0_13segm,42,14,288,0.14583333333333334
multi_object_tracker,shapes,_ZSt25__unguarded_linear_insertIN9__gnu_cxx17__normal_iteratorIPN23autoware_utils_geometry7Point2dES,42,2,96,0.4375
shape_estimation,bounding_box,_ZN8autoware16shape_estimation5model21BoundingBoxShapeModel9fitLShapeERKN3pcl10PointCloudINS3_8Point,42,12,258,0.16279069767441862
autonomous_emergency_braking,node,_ZZN8autoware6motion7control28autonomous_emergency_braking19CollisionDataKeeper26calcObjectSpeedFrom,41,2,122,0.3360655737704918
map_based_prediction,predictor_vru,_ZN5boost8geometry8strategy6within17cartesian_windingIvvvE5applyINS0_5model2d28point_xyIdNS0_2cs9car,41,12,95,0.43157894736842106
map_based_prediction,predictor_vru,_ZN5boost8geometry8strategy6within17cartesian_windingIvvvE5applyIN5Eigen6MatrixIdLi2ELi1ELi2ELi2ELi1,41,12,95,0.43157894736842106
map_based_prediction,utils,_ZN5boost8geometry8strategy6within17cartesian_windingIvvvE5applyIN5Eigen6MatrixIdLi2ELi1ELi2ELi2ELi1,41,12,95,0.43157894736842106
multi_object_tracker,shapes,_ZN5boost8geometry8strategy6within17cartesian_windingIN23autoware_utils_geometry7Point2dES5_vE5apply,41,12,95,0.43157894736842106
multi_object_tracker,ctrv_motion_model,_ZN5Eigen8internal21dense_assignment_loopINS0_31generic_dense_assignment_kernelINS0_9evaluatorINS_6M,40,5,824,0.04854368932038835
multi_object_tracker,cv_motion_model,_ZN8autoware20multi_object_tracker20KalmanFilterTemplateILi4ELi2ELi0EdE6updateILi4EEEbRKN5Eigen6Matr,40,0,440,0.09090909090909091
ndt_scan_matcher,ndt_scan_matcher_core,_ZN5Eigen8internal55copy_using_evaluator_DefaultTraversal_CompleteUnrollingINS0_31generic_dense_assi,40,0,536,0.07462686567164178
shape_estimation,utils,_ZN5Eigen8internal55copy_using_evaluator_DefaultTraversal_CompleteUnrollingINS0_31generic_dense_assi,40,0,536,0.07462686567164178
autonomous_emergency_braking,node,_ZN5boost8geometry6detail7overlay14touch_interiorINS2_9turn_infoIN23autoware_utils_geometry7Point2dE,39,25,307,0.1270358306188925
autonomous_emergency_braking,node,_ZN5boost8geometry6detail7overlay14touch_interiorINS2_9turn_infoIN23autoware_utils_geometry7Point2dE,39,25,307,0.1270358306188925
map_based_prediction,predictor_vru,_ZN5boost8geometry6detail15closest_feature20point_to_point_rangeIN5Eigen6MatrixIdLi2ELi1ELi2ELi2ELi1,39,0,96,0.40625
map_based_prediction,utils,_ZN5boost8geometry6detail15closest_feature20point_to_point_rangeIN5Eigen6MatrixIdLi2ELi1ELi2ELi2ELi1,39,0,96,0.40625
multi_object_tracker,cv_motion_model,_ZNK8autoware20multi_object_tracker13CVMotionModel17getPredictedStateERKN6rclcpp4TimeERN13geometry_m,39,0,208,0.1875
multi_object_tracker,shapes,_ZN5boost8geometry6detail7overlay14touch_interiorINS2_19traversal_turn_infoIN23autoware_utils_geomet,39,25,307,0.1270358306188925
multi_object_tracker,shapes,_ZN5boost8geometry6detail7overlay14touch_interiorINS2_19traversal_turn_infoIN23autoware_utils_geomet,39,25,307,0.1270358306188925
multi_object_tracker,shapes,_ZN5boost8geometry6detail7overlay14touch_interiorINS2_9turn_infoIN23autoware_utils_geometry7Point2dE,39,25,307,0.1270358306188925
multi_object_tracker,shapes,_ZN5boost8geometry6detail7overlay14touch_interiorINS2_9turn_infoIN23autoware_utils_geometry7Point2dE,39,25,307,0.1270358306188925
map_based_prediction,map_based_prediction_node,_ZN8autoware20map_based_prediction22MapBasedPredictionNode25getPredictedReferencePathERKN24autoware_,38,44,2105,0.018052256532066508
map_based_prediction,predictor_vru,_ZN5boost8geometry6detail9partition20partition_two_rangesILi0ENS0_5model3boxINS4_2d28point_xyIdNS0_2,38,35,1728,0.02199074074074074
map_based_prediction,predictor_vru,_ZN5boost8geometry6detail9partition20partition_two_rangesILi1ENS0_5model3boxINS4_2d28point_xyIdNS0_2,38,35,1728,0.02199074074074074
map_based_prediction,predictor_vru,_ZN5boost8geometry6detail9partition20partition_two_rangesILi0ENS0_5model3boxIN5Eigen6MatrixIdLi2ELi1,38,35,1744,0.021788990825688075
map_based_prediction,predictor_vru,_ZN5boost8geometry6detail9partition20partition_two_rangesILi1ENS0_5model3boxIN5Eigen6MatrixIdLi2ELi1,38,35,1744,0.021788990825688075
map_based_prediction,utils,_ZN8autoware20map_based_prediction5utils24calculateLocalLikelihoodERKN7lanelet7LaneletERKN24autoware,38,10,237,0.16033755274261605
multi_object_tracker,vehicle_tracker,_ZN8autoware20multi_object_tracker14VehicleTracker7measureERKNS0_5types13DynamicObjectERKN6rclcpp4Ti,38,3,129,0.29457364341085274
velocity_smoother,trajectory_utils,_ZN8autoware17velocity_smoother16trajectory_utils29updateStateWithJerkConstraintEddRKSt3mapIddSt4les,38,20,899,0.042269187986651836
autonomous_emergency_braking,node,_ZSt21__unguarded_partitionIN9__gnu_cxx17__normal_iteratorIPN23autoware_utils_geometry7Point2dESt6ve,37,6,64,0.578125
autonomous_emergency_braking,node,_ZSt21__unguarded_partitionIN9__gnu_cxx17__normal_iteratorIPN23autoware_utils_geometry7Point2dESt6ve,37,51,784,0.047193877551020405
multi_object_tracker,shapes,_ZSt21__unguarded_partitionIN9__gnu_cxx17__normal_iteratorIPN23autoware_utils_geometry7Point2dESt6ve,37,6,64,0.578125
multi_object_tracker,shapes,_ZSt21__unguarded_partitionIN9__gnu_cxx17__normal_iteratorIPN23autoware_utils_geometry7Point2dESt6ve,37,51,784,0.047193877551020405
map_based_prediction,predictor_vru,_ZN5boost8geometry6detail7overlay5touchINS2_9turn_infoINS0_5model2d28point_xyIdNS0_2cs9cartesianEEEN,36,14,594,0.06060606060606061
map_based_prediction,predictor_vru,_ZN5boost8geometry6detail7overlay5touchINS2_9turn_infoIN5Eigen6MatrixIdLi2ELi1ELi0ELi2ELi1EEENS0_13s,36,18,689,0.05224963715529753
map_based_prediction,predictor_vru,_ZN5boost8geometry6detail7overlay26get_turn_info_for_endpointILb1ELb1EE15handle_internalILm0ENS1_9ge,36,17,409,0.08801955990220049
map_based_prediction,predictor_vru,_ZN5boost8geometry6detail7overlay26get_turn_info_for_endpointILb1ELb1EE15handle_internalILm1ENS1_9ge,36,17,409,0.08801955990220049
map_based_prediction,predictor_vru,_ZN5boost8geometry6detail7overlay26get_turn_info_for_endpointILb0ELb1EE15handle_internalILm0ENS1_9ge,36,17,409,0.08801955990220049
map_based_prediction,predictor_vru,_ZN5boost8geometry6detail7overlay26get_turn_info_for_endpointILb0ELb1EE15handle_internalILm1ENS1_9ge,36,17,409,0.08801955990220049
multi_object_tracker,bicycle_motion_model,_ZN5Eigen8internal21dense_assignment_loopINS0_31generic_dense_assignment_kernelINS0_9evaluatorINS_6M,36,0,904,0.03982300884955752
multi_object_tracker,uncertainty_processor,_ZN8autoware20multi_object_tracker11uncertainty23modelUncertaintyByClassERKNS0_5types13DynamicObject,36,0,142,0.2535211267605634
multi_object_tracker,vehicle_tracker,_ZN8autoware20multi_object_tracker14VehicleTracker15measureWithPoseERKNS0_5types13DynamicObjectERKNS,36,2,129,0.27906976744186046
multi_object_tracker,vehicle_tracker,_ZNK8autoware20multi_object_tracker14VehicleTracker16findAlignedEdgesERKNS1_13EdgePositionsERKNS0_5t,36,4,48,0.75
ekf_localizer,ekf_module,_ZN8autoware13ekf_localizer9EKFModule23measurement_update_poseERKN13geometry_msgs3msg26PoseWithCovar,35,41,1458,0.02400548696844993
multi_object_tracker,pedestrian_tracker,_ZN8autoware20multi_object_tracker17PedestrianTrackerC2ERKN6rclcpp4TimeERKNS0_5types13DynamicObjectE,35,2,469,0.07462686567164178
multi_object_tracker,shapes,_ZN5boost8geometry6detail23point_is_spike_or_equalIN23autoware_utils_geometry7Point2dES4_S4_NS0_8str,35,10,112,0.3125
multi_object_tracker,unknown_tracker,_ZN8autoware20multi_object_tracker14UnknownTrackerC2ERKN6rclcpp4TimeERKNS0_5types13DynamicObjectEbb,35,4,612,0.05718954248366013
multi_object_tracker,vehicle_tracker,_ZN8autoware20multi_object_tracker14VehicleTrackerC2ERKNS0_12object_model11ObjectModelERKN6rclcpp4Ti,35,2,407,0.085995085995086
ndt_scan_matcher,ndt_scan_matcher_core,_ZN8autoware16ndt_scan_matcher17rotate_covarianceERKSt5arrayIdLm36EERKN5Eigen6MatrixIdLi3ELi3ELi0ELi,35,0,344,0.10174418604651163
velocity_smoother,jerk_filtered_smoother,_ZNK8autoware17velocity_smoother20JerkFilteredSmoother17forwardJerkFilterEdddddRKSt6vectorIN22autowa,35,12,241,0.14522821576763487
multi_object_tracker,shapes,_ZN8autoware20multi_object_tracker6shapes24get2dPrecisionRecallGIoUERKNS0_5types13DynamicObjectES5_R,34,10,408,0.08333333333333333
velocity_smoother,resample,_ZN8autoware17velocity_smoother10resampling18resampleTrajectoryERKSt6vectorIN22autoware_planning_msg,34,34,761,0.04467805519053877
ekf_localizer,ekf_module,_ZN8autoware13ekf_localizer9EKFModule24update_simple_1d_filtersERKN13geometry_msgs3msg26PoseWithCova,33,0,230,0.14347826086956522
map_based_prediction,predictor_vru,_ZN5boost8geometry8distanceIN7lanelet14BasicPolygon2dEN5Eigen6MatrixIdLi2ELi1ELi2ELi2ELi1EEENS0_16de,33,1,128,0.2578125
map_based_prediction,predictor_vru,_ZN5boost8geometry8distanceIN5Eigen6MatrixIdLi2ELi1ELi2ELi2ELi1EEEN7lanelet14BasicPolygon2dENS0_16de,33,1,128,0.2578125
map_based_prediction,utils,_ZN8autoware20map_based_prediction5utils34lateral_distance_to_lanelet_boundsERKN7lanelet12ConstLanel,33,19,716,0.046089385474860335
map_based_prediction,utils,_ZN5boost8geometry8distanceIN5Eigen6MatrixIdLi2ELi1ELi2ELi2ELi1EEEN7lanelet14BasicPolygon2dENS0_16de,33,1,128,0.2578125
map_based_prediction,utils,_ZN5boost8geometry8distanceIN7lanelet14BasicPolygon2dEN5Eigen6MatrixIdLi2ELi1ELi2ELi2ELi1EEENS0_16de,33,1,128,0.2578125
multi_object_tracker,bicycle_motion_model,_ZN5Eigen8internal52copy_using_evaluator_DefaultTraversal_InnerUnrollingINS0_31generic_dense_assignm,33,1,360,0.09166666666666666
multi_object_tracker,bicycle_motion_model,_ZN5Eigen8internal10AssignmentINS_6MatrixIdLi6ELi6ELi0ELi6ELi6EEENS_7ProductINS4_INS2_IdLi6ELi4ELi0E,33,2,156,0.21153846153846154
multi_object_tracker,bicycle_motion_model,_ZN5Eigen8internal10AssignmentINS_6MatrixIdLi6ELi6ELi0ELi6ELi6EEENS_7ProductINS4_INS2_IdLi6ELi4ELi0E,33,6,220,0.15
multi_object_tracker,bicycle_motion_model,_ZN5Eigen8internal17product_evaluatorINS_7ProductINS2_INS_6MatrixIdLi6ELi6ELi0ELi6ELi6EEENS_9Transpo,33,2,156,0.21153846153846154
multi_object_tracker,bicycle_motion_model,_ZN5Eigen8internal17product_evaluatorINS_7ProductINS2_INS_6MatrixIdLi6ELi6ELi0ELi6ELi6EEENS_9Transpo,33,6,220,0.15
multi_object_tracker,bicycle_motion_model,_ZN5Eigen8internal10AssignmentINS_6MatrixIdLi6ELi6ELi0ELi6ELi6EEENS_7ProductINS4_IS3_S3_Li0EEES3_Li1,33,2,156,0.21153846153846154
multi_object_tracker,bicycle_motion_model,_ZN5Eigen8internal10AssignmentINS_6MatrixIdLi6ELi6ELi0ELi6ELi6EEENS_7ProductINS4_IS3_S3_Li0EEES3_Li1,33,6,220,0.15
multi_object_tracker,ctrv_motion_model,_ZN5Eigen8internal10AssignmentINS_6MatrixIdLi3ELi3ELi0ELi3ELi3EEENS_7InverseIS3_EENS0_9assign_opIddE,33,0,128,0.2578125
multi_object_tracker,shapes,_ZN5boost8geometry6detail7overlay14assign_visitorINS0_5model7polygonIN23autoware_utils_geometry7Poin,33,0,522,0.06321839080459771
ndt_scan_matcher,multi_voxel_grid_covariance_omp,_ZN5Eigen8internal10AssignmentINS_6MatrixIdLi3ELi3ELi0ELi3ELi3EEENS_7InverseIS3_EENS0_9assign_opIddE,33,0,128,0.2578125
ekf_localizer,mahalanobis,_ZN5Eigen8internal29general_matrix_vector_productIldNS0_22const_blas_data_mapperIdlLi0EEELi0ELb0EdNS,32,5,80,0.4
ekf_localizer,mahalanobis,_ZN5Eigen8internal29general_matrix_vector_productIldNS0_22const_blas_data_mapperIdlLi0EEELi0ELb0EdNS,32,14,224,0.14285714285714285
map_based_prediction,predictor_vru,_ZN5boost8geometry6detail7overlay20linear_intersectionsC2INS0_5model2d28point_xyIdNS0_2cs9cartesianE,32,6,133,0.24060150375939848
map_based_prediction,predictor_vru,_ZN5boost8geometry6detail7overlay20linear_intersectionsC2IN5Eigen6MatrixIdLi2ELi1ELi0ELi2ELi1EEES7_N,32,6,133,0.24060150375939848
multi_object_tracker,shapes,_ZN8autoware20multi_object_tracker6shapes19get2dGeneralizedIoUERKNS0_5types13DynamicObjectES5_,32,11,384,0.08333333333333333
multi_object_tracker,uncertainty_processor,_ZN5Eigen8internal29general_matrix_vector_productIldNS0_22const_blas_data_mapperIdlLi0EEELi0ELb0EdNS,32,5,80,0.4
multi_object_tracker,uncertainty_processor,_ZN5Eigen8internal29general_matrix_vector_productIldNS0_22const_blas_data_mapperIdlLi0EEELi0ELb0EdNS,32,14,224,0.14285714285714285
multi_object_tracker,unknown_tracker,_ZN5Eigen8internal29general_matrix_vector_productIldNS0_22const_blas_data_mapperIdlLi0EEELi0ELb0EdNS,32,5,80,0.4
multi_object_tracker,unknown_tracker,_ZN5Eigen8internal29general_matrix_vector_productIldNS0_22const_blas_data_mapperIdlLi0EEELi0ELb0EdNS,32,14,224,0.14285714285714285
velocity_smoother,jerk_filtered_smoother,_ZNK8autoware17velocity_smoother20JerkFilteredSmoother23mergeFilteredTrajectoryEddddRKSt6vectorIN22a,32,15,301,0.10631229235880399
ekf_localizer,mahalanobis,_ZN5Eigen8internal21dense_assignment_loopINS0_41restricted_packet_dense_assignment_kernelINS0_9evalu,31,59,588,0.05272108843537415
multi_object_tracker,uncertainty_processor,_ZN5Eigen8internal21dense_assignment_loopINS0_41restricted_packet_dense_assignment_kernelINS0_9evalu,31,57,524,0.05916030534351145
map_based_prediction,utils,_ZN8autoware20map_based_prediction5utils26checkCloseLaneletConditionERKSt4pairIdN7lanelet7LaneletEER,30,10,260,0.11538461538461539
multi_object_tracker,association,_ZNK8autoware20multi_object_tracker15DataAssociation14calculateScoreERKNS0_5types13DynamicObjectEhS5,30,7,227,0.13215859030837004
multi_object_tracker,ctrv_motion_model,_ZNK5Eigen9DenseBaseINS_13CwiseBinaryOpINS_8internal13scalar_cmp_opIddLNS2_14ComparisonNameE0EEEKNS_,30,0,352,0.08522727272727272
multi_object_tracker,shapes,_ZN8autoware20multi_object_tracker6shapes8get2dIoUERKNS0_5types13DynamicObjectES5_d,30,10,384,0.078125
multi_object_tracker,shapes,_ZN8autoware20multi_object_tracker6shapes30convertConvexHullToBoundingBoxERKNS0_5types13DynamicObjec,30,1,95,0.3157894736842105
velocity_smoother,smoother_base,_ZNK8autoware17velocity_smoother12SmootherBase22applySteeringRateLimitERKSt6vectorIN22autoware_plann,30,50,942,0.03184713375796178
autonomous_emergency_braking,utils,_ZN8autoware6motion7control28autonomous_emergency_braking5utils37convertPolygonObjectToGeometryPolyg,29,15,252,0.11507936507936507
ndt_scan_matcher,multi_voxel_grid_covariance_omp,_ZN6pclomp24MultiVoxelGridCovarianceIN3pcl8PointXYZEE12apply_filterERKSt10shared_ptrIKNS1_10PointClo,29,20,404,0.07178217821782178
ndt_scan_matcher,multi_voxel_grid_covariance_omp,_ZN6pclomp24MultiVoxelGridCovarianceIN3pcl9PointXYZIEE12apply_filterERKSt10shared_ptrIKNS1_10PointCl,29,20,404,0.07178217821782178
velocity_smoother,l2_pseudo_jerk_smoother,_ZN8autoware17velocity_smoother20L2PseudoJerkSmoother5applyEddRKSt6vectorIN22autoware_planning_msgs3,29,105,1701,0.017048794826572605
velocity_smoother,resample,_ZN8autoware17velocity_smoother10resampling18resampleTrajectoryERKSt6vectorIN22autoware_planning_msg,29,34,931,0.031149301825993556
multi_object_tracker,ctrv_motion_model,_ZNK8autoware20multi_object_tracker15CTRVMotionModel16predictStateStepEdRNS0_20KalmanFilterTemplateI,28,0,208,0.1346153846153846
multi_object_tracker,shapes,_ZN8autoware20multi_object_tracker6shapes8get1dIoUERKNS0_5types13DynamicObjectES5_,28,0,64,0.4375
multi_object_tracker,uncertainty_processor,_ZN5Eigen8internal21dense_assignment_loopINS0_41restricted_packet_dense_assignment_kernelINS0_9evalu,28,57,524,0.05343511450381679
multi_object_tracker,uncertainty_processor,_ZN5Eigen8internal21dense_assignment_loopINS0_41restricted_packet_dense_assignment_kernelINS0_9evalu,28,57,508,0.05511811023622047
multi_object_tracker,unknown_tracker,_ZN5Eigen8internal21dense_assignment_loopINS0_41restricted_packet_dense_assignment_kernelINS0_9evalu,28,57,524,0.05343511450381679
map_based_prediction,predictor_vru,_ZN8autoware20map_based_prediction12PredictorVru37calcIntentionToCrossWithTrafficSignalERKN24autowar,27,12,498,0.05421686746987952
map_based_prediction,predictor_vru,_ZN5boost8geometry6detail7overlay5equalINS2_9turn_infoINS0_5model2d28point_xyIdNS0_2cs9cartesianEEEN,27,6,246,0.10975609756097561
map_based_prediction,predictor_vru,_ZN5boost8geometry6detail7overlay5equalINS2_9turn_infoIN5Eigen6MatrixIdLi2ELi1ELi0ELi2ELi1EEENS0_13s,27,9,304,0.08881578947368421
multi_object_tracker,bicycle_motion_model,_ZNK8autoware20multi_object_tracker18BicycleMotionModel17getPredictedStateERKN6rclcpp4TimeERN13geome,27,0,320,0.084375
multi_object_tracker,ctrv_motion_model,_ZN5Eigen8internal52copy_using_evaluator_DefaultTraversal_InnerUnrollingINS0_31generic_dense_assignm,27,1,312,0.08653846153846154
multi_object_tracker,ctrv_motion_model,_ZN5Eigen8internal52copy_using_evaluator_DefaultTraversal_InnerUnrollingINS0_31generic_dense_assignm,27,1,312,0.08653846153846154
multi_object_tracker,input_manager,_ZN8autoware20multi_object_tracker11InputStream18updateTimingStatusERKN6rclcpp4TimeES5_,27,10,494,0.05465587044534413
occupancy_grid_map_node,fusion_policy,_ZN8autoware18occupancy_grid_map13fusion_policy26singleFrameOccupancyFusionERKSt6vectorIhSaIhEENS1_1,27,2,106,0.25471698113207547
autonomous_emergency_braking,node,_ZN5boost8geometry6detail7overlay18collinear_oppositeINS2_9turn_infoIN23autoware_utils_geometry7Poin,26,8,328,0.07926829268292683
autonomous_emergency_braking,utils,_ZN23autoware_utils_geometry18is_driving_forwardIN13geometry_msgs3msg5Pose_ISaIvEEES5_EEbRKT_RKT0_,26,1,0,0.0
map_based_prediction,path_generator,_ZNK8autoware20map_based_prediction13PathGenerator28generatePathForCrosswalkUserERKN24autoware_perce,26,8,300,0.08666666666666667
multi_object_tracker,shapes,_ZN5boost8geometry6detail7overlay18collinear_oppositeINS2_19traversal_turn_infoIN23autoware_utils_ge,26,8,328,0.07926829268292683
multi_object_tracker,shapes,_ZN5boost8geometry6detail7overlay18collinear_oppositeINS2_9turn_infoIN23autoware_utils_geometry7Poin,26,8,328,0.07926829268292683
multi_object_tracker,vehicle_tracker,_ZNK8autoware20multi_object_tracker14VehicleTracker20calculateEdgeCentersERKNS0_5types13DynamicObjec,26,0,16,1.625
ndt_scan_matcher,estimate_covariance,_ZN6pclomp26adjust_diagonal_covarianceERKN5Eigen6MatrixIdLi2ELi2ELi0ELi2ELi2EEERKNS1_IfLi4ELi4ELi0EL,26,0,40,0.65
velocity_smoother,trajectory_utils,_ZN23autoware_utils_geometry18is_driving_forwardIN13geometry_msgs3msg5Pose_ISaIvEEES5_EEbRKT_RKT0_,26,1,0,0.0
autonomous_emergency_braking,node,_ZN8autoware6motion7control28autonomous_emergency_braking3AEB12onPointCloudESt10shared_ptrIKN11senso,25,48,1962,0.0127420998980632
map_based_prediction,utils,_ZN8autoware20map_based_prediction5utils37calcAbsYawDiffBetweenLaneletAndObjectERKN24autoware_percep,25,3,66,0.3787878787878788
multi_object_tracker,ctrv_motion_model,_ZN5Eigen8internal26call_dense_assignment_loopINS_6MatrixIdLi5ELi5ELi0ELi5ELi5EEENS_13CwiseBinaryOpI,25,0,640,0.0390625
map_based_prediction,map_based_prediction_node,_ZN8autoware20map_based_prediction22MapBasedPredictionNode16updateObjectDataERN24autoware_perception,24,0,54,0.4444444444444444
multi_object_tracker,bicycle_motion_model,_ZN5Eigen8internal21dense_assignment_loopINS0_31generic_dense_assignment_kernelINS0_9evaluatorINS_6M,24,0,544,0.04411764705882353
multi_object_tracker,ctrv_motion_model,_ZN5Eigen8internal21dense_assignment_loopINS0_31generic_dense_assignment_kernelINS0_9evaluatorINS_6M,24,0,480,0.05
multi_object_tracker,shapes,_ZNK5boost8geometry6detail7overlay21less_by_segment_ratioISt5dequeINS2_19traversal_turn_infoIN23auto,24,6,356,0.06741573033707865
multi_object_tracker,vehicle_tracker,_ZNK8autoware20multi_object_tracker14VehicleTracker20calculateAnchorPointERKNS1_13EdgeAlignmentERKNS,24,0,24,1.0
ndt_scan_matcher,multi_voxel_grid_covariance_omp,_ZN5Eigen22SelfAdjointEigenSolverINS_6MatrixIdLi3ELi3ELi0ELi3ELi3EEEE7computeIS2_EERS3_RKNS_9EigenBa,24,4,258,0.09302325581395349
shape_estimation,utils,_ZN5Eigen9JacobiSVDINS_6MatrixIdLi3ELi3ELi0ELi3ELi3EEELi2EE7computeERKS2_j,24,20,473,0.0507399577167019
map_based_prediction,path_generator,_ZNK8autoware20map_based_prediction13PathGenerator19calcLatCoefficientsERKNS0_11FrenetPointES4_d,23,0,64,0.359375
multi_object_tracker,odometry,_ZNK3tf29Matrix3x311getRotationERNS_10QuaternionE,23,2,168,0.13690476190476192
multi_object_tracker,uncertainty_processor,_ZN5Eigen8internal21dense_assignment_loopINS0_41restricted_packet_dense_assignment_kernelINS0_9evalu,23,49,460,0.05
ndt_scan_matcher,ndt_scan_matcher_core,_ZN8autoware16ndt_scan_matcher14NDTScanMatcher17count_oscillationERKSt6vectorIN13geometry_msgs3msg5P,23,8,88,0.26136363636363635
velocity_smoother,analytical_jerk_constrained_smoother,_ZNK3tf29Matrix3x311getRotationERNS_10QuaternionE,23,2,168,0.13690476190476192
velocity_smoother,trajectory_utils,_ZNK3tf29Matrix3x311getRotationERNS_10QuaternionE,23,2,168,0.13690476190476192
ekf_localizer,mahalanobis,_ZN5Eigen8internal26outer_product_selector_runINS_5BlockINS_3RefINS_6MatrixIdLin1ELin1ELi0ELin1ELin1,22,38,276,0.07971014492753623
map_based_prediction,predictor_vru,_ZN5boost8geometry6detail12sectionalize17sectionalize_partINS0_5model2d28point_xyIdNS0_2cs9cartesian,22,25,454,0.048458149779735685
map_based_prediction,predictor_vru,_ZN5boost8geometry6detail12sectionalize17sectionalize_partIN5Eigen6MatrixIdLi2ELi1ELi0ELi2ELi1EEENS_,22,29,534,0.04119850187265917
map_based_prediction,predictor_vru,_ZNK5boost8geometry8strategy12intersection18cartesian_segmentsIvE25segment_intersection_infoIdNS0_13,22,4,176,0.125
map_based_prediction,predictor_vru,_ZNK5boost8geometry8strategy12intersection18cartesian_segmentsIvE25segment_intersection_infoIdNS0_13,22,4,176,0.125
multi_object_tracker,tracker_base,_ZNK8autoware20multi_object_tracker7Tracker9isExpiredERKN6rclcpp4TimeERKNS0_22AdaptiveThresholdCache,22,1,134,0.16417910447761194
multi_object_tracker,unstable_shape_filter,_ZN8autoware20multi_object_tracker19UnstableShapeFilter23processNoisyMeasurementERKNS0_5types13Dynam,22,2,120,0.18333333333333332
velocity_smoother,linf_pseudo_jerk_smoother,_ZN8autoware17velocity_smoother22LinfPseudoJerkSmoother5applyEddRKSt6vectorIN22autoware_planning_msg,22,104,1616,0.013613861386138614
ekf_localizer,mahalanobis,_ZN8autoware13ekf_localizer19squared_mahalanobisERKN5Eigen6MatrixIdLin1ELi1ELi0ELin1ELi1EEES5_RKNS2_,21,14,256,0.08203125
map_based_prediction,predictor_vru,_ZN5boost8geometry6detail14direction_codeINS0_13cartesian_tagENS0_5model2d28point_xyIdNS0_2cs9cartes,21,0,48,0.4375
map_based_prediction,predictor_vru,_ZN5boost8geometry6detail14direction_codeINS0_13cartesian_tagEN5Eigen6MatrixIdLi2ELi1ELi0ELi2ELi1EEE,21,0,48,0.4375
multi_object_tracker,bicycle_motion_model,_ZN8autoware20multi_object_tracker18BicycleMotionModel11limitStatesEv,21,1,108,0.19444444444444445
multi_object_tracker,processor,_ZN8autoware20multi_object_tracker16TrackerProcessor22mergeOverlappedTrackerERKN6rclcpp4TimeE,21,71,1986,0.010574018126888218
multi_object_tracker,uncertainty_processor,_ZN5Eigen8internal21dense_assignment_loopINS0_41restricted_packet_dense_assignment_kernelINS0_9evalu,21,21,160,0.13125
shape_estimation,shape_estimation_node,_ZN8autoware16shape_estimation19ShapeEstimationNode8callbackESt10shared_ptrIKN21tier4_perception_msg,21,31,1257,0.016706443914081145
ekf_localizer,mahalanobis,_ZN5Eigen8internal22lhs_process_one_packetILi4ELl2ELl1EdddDv2_dS2_S2_S2_NS0_11gebp_traitsIddLb0ELb0E,20,11,112,0.17857142857142858
map_based_prediction,predictor_vru,_ZN5boost8geometry9partitionINS0_5model3boxINS2_2d28point_xyIdNS0_2cs9cartesianEEEEENS0_6detail9part,20,36,680,0.029411764705882353
map_based_prediction,predictor_vru,_ZN5boost8geometry9partitionINS0_5model3boxIN5Eigen6MatrixIdLi2ELi1ELi0ELi2ELi1EEEEENS0_6detail9part,20,36,680,0.029411764705882353
map_based_prediction,predictor_vru,_ZN5boost8geometry6detail12sectionalize17sectionalize_partIN5Eigen6MatrixIdLi2ELi1ELi0ELi2ELi1EEENS_,20,2,49,0.40816326530612246
map_based_prediction,predictor_vru,_ZN5boost8geometry6detail12sectionalize17sectionalize_partIN5Eigen6MatrixIdLi2ELi1ELi0ELi2ELi1EEENS_,20,2,49,0.40816326530612246
multi_object_tracker,association,_ZN5boost8geometry5index6detail5rtree9quadratic10pick_seedsINS0_5model3boxINS6_5pointIdLm2ENS0_2cs9c,20,2,112,0.17857142857142858
multi_object_tracker,bicycle_motion_model,_ZN5Eigen8internal22lhs_process_one_packetILi4ELl2ELl1EdddDv2_dS2_S2_S2_NS0_11gebp_traitsIddLb0ELb0E,20,11,112,0.17857142857142858
multi_object_tracker,processor,_ZN5boost8geometry5index6detail5rtree9quadratic10pick_seedsINS0_5model3boxINS6_5pointIdLm2ENS0_2cs9c,20,2,112,0.17857142857142858
multi_object_tracker,uncertainty_processor,_ZN5Eigen8internal22lhs_process_one_packetILi4ELl2ELl1EdddDv2_dS2_S2_S2_NS0_11gebp_traitsIddLb0ELb0E,20,11,112,0.17857142857142858
multi_object_tracker,unknown_tracker,_ZN5Eigen8internal21dense_assignment_loopINS0_41restricted_packet_dense_assignment_kernelINS0_9evalu,20,49,444,0.04504504504504504
multi_object_tracker,unknown_tracker,_ZN5Eigen8internal22lhs_process_one_packetILi4ELl2ELl1EdddDv2_dS2_S2_S2_NS0_11gebp_traitsIddLb0ELb0E,20,11,112,0.17857142857142858
occupancy_grid_map_node,fusion_policy,_ZN8autoware18occupancy_grid_map13fusion_policy22dempster_shafer_fusion20dempsterShaferFusionERKSt6v,20,2,150,0.13333333333333333
autonomous_emergency_braking,node,_ZN8autoware6motion7control28autonomous_emergency_braking3AEB15generateEgoPathEdd,19,9,444,0.04279279279279279
autonomous_emergency_braking,node,_ZSt16__insertion_sortIN9__gnu_cxx17__normal_iteratorIPN23autoware_utils_geometry7Point2dESt6vectorI,19,9,32,0.59375
autonomous_emergency_braking,node,_ZSt16__insertion_sortIN9__gnu_cxx17__normal_iteratorIPN23autoware_utils_geometry7Point2dESt6vectorI,19,10,48,0.3958333333333333
multi_object_tracker,shapes,_ZN5boost8geometry6detail7overlay14assign_parentsILNS0_12overlay_typeE1ENS0_5model7polygonIN23autowa,19,34,1198,0.015859766277128547
multi_object_tracker,shapes,_ZN5boost8geometry6detail7overlay14assign_parentsILNS0_12overlay_typeE0ENS0_5model7polygonIN23autowa,19,34,1198,0.015859766277128547
multi_object_tracker,shapes,_ZSt16__insertion_sortIN9__gnu_cxx17__normal_iteratorIPN23autoware_utils_geometry7Point2dESt6vectorI,19,9,32,0.59375
multi_object_tracker,shapes,_ZSt16__insertion_sortIN9__gnu_cxx17__normal_iteratorIPN23autoware_utils_geometry7Point2dESt6vectorI,19,10,48,0.3958333333333333
multi_object_tracker,tracker_base,_ZN8autoware20multi_object_tracker7Tracker21updateWithMeasurementERKNS0_5types13DynamicObjectERKN6rc,19,15,457,0.04157549234135667
occupancy_grid_map_node,fusion_policy,_ZN8autoware18occupancy_grid_map13fusion_policy22dempster_shafer_fusion20dempsterShaferFusionERKSt6v,19,1,32,0.59375
occupancy_grid_map_node,fusion_policy,_ZN8autoware18occupancy_grid_map13fusion_policy22dempster_shafer_fusion20dempsterShaferFusionERKSt6v,19,6,112,0.16964285714285715
velocity_smoother,velocity_planning_utils,_ZN8autoware17velocity_smoother34analytical_velocity_planning_utils40calcStopVelocityWithConstantJer,19,114,2554,0.0074393108848864525
ekf_localizer,mahalanobis,_ZN5Eigen8internal23triangular_solve_matrixIdlLi1ELi5ELb0ELi0ELi0ELi1EE3runEllPKdlPdllRNS0_15level3_,18,95,304,0.05921052631578947
map_based_prediction,predictor_vru,_ZN5boost8geometry6detail7overlay14touch_interiorINS2_9turn_infoINS0_5model2d28point_xyIdNS0_2cs9car,18,14,282,0.06382978723404255
map_based_prediction,predictor_vru,_ZN5boost8geometry6detail7overlay14touch_interiorINS2_9turn_infoINS0_5model2d28point_xyIdNS0_2cs9car,18,17,349,0.05157593123209169
map_based_prediction,predictor_vru,_ZN5boost8geometry6detail7overlay14touch_interiorINS2_9turn_infoIN5Eigen6MatrixIdLi2ELi1ELi0ELi2ELi1,18,18,390,0.046153846153846156
map_based_prediction,predictor_vru,_ZN5boost8geometry6detail7overlay14touch_interiorINS2_9turn_infoIN5Eigen6MatrixIdLi2ELi1ELi0ELi2ELi1,18,18,390,0.046153846153846156
multi_object_tracker,bicycle_motion_model,_ZN5Eigen12PartialPivLUINS_6MatrixIdLi6ELi6ELi0ELi6ELi6EEEE7computeEv,18,1,158,0.11392405063291139
multi_object_tracker,bicycle_motion_model,_ZN5Eigen8internal23triangular_solve_matrixIdlLi1ELi5ELb0ELi0ELi0ELi1EE3runEllPKdlPdllRNS0_15level3_,18,95,304,0.05921052631578947
multi_object_tracker,shapes,_ZN5boost8geometry6detail7overlay9add_ringsINS0_5model7polygonIN23autoware_utils_geometry7Point2dELb,18,8,396,0.045454545454545456
multi_object_tracker,shapes,_ZN5boost8geometry6detail7overlay9add_ringsINS0_5model7polygonIN23autoware_utils_geometry7Point2dELb,18,8,396,0.045454545454545456
occupancy_grid_map_node,fusion_policy,_ZN8autoware18occupancy_grid_map13fusion_policy22dempster_shafer_fusion20dempsterShaferFusionERKSt6v,18,0,24,0.75
multi_object_tracker,bicycle_motion_model,_ZN8autoware20multi_object_tracker18BicycleMotionModel17updateStateLengthERKdNS1_18LengthUpdateAncho,17,0,198,0.08585858585858586
velocity_smoother,analytical_jerk_constrained_smoother,_ZNK8autoware17velocity_smoother33AnalyticalJerkConstrainedSmoother22applyForwardJerkFilterERKSt6vec,17,7,164,0.10365853658536585
velocity_smoother,node,_ZN8autoware17velocity_smoother20VelocitySmootherNode25calcExternalVelocityLimitEv,17,6,683,0.024890190336749635
autonomous_emergency_braking,node,_ZN5boost8geometry6detail15correct_closure18close_or_open_ringINS0_5model4ringIN23autoware_utils_geo,16,5,144,0.1111111111111111
autonomous_emergency_braking,node,_ZN5boost8geometry6detail11recalculate17recalculate_pointILm2EE5applyINS0_5model5pointIxLm2ENS0_2cs9,16,0,104,0.15384615384615385
autonomous_emergency_braking,node,_ZNK5boost8geometry8strategy12intersection18cartesian_segmentsIvE25segment_intersection_infoIdNS0_13,16,4,176,0.09090909090909091
autonomous_emergency_braking,utils,_ZN5boost8geometry6detail15correct_closure18close_or_open_ringINS0_5model4ringIN23autoware_utils_geo,16,5,144,0.1111111111111111
ekf_localizer,mahalanobis,_ZN5Eigen8internal29general_matrix_vector_productIldNS0_22const_blas_data_mapperIdlLi1EEELi1ELb0EdNS,16,9,40,0.4
ekf_localizer,mahalanobis,_ZN5Eigen8internal29general_matrix_vector_productIldNS0_22const_blas_data_mapperIdlLi1EEELi1ELb0EdNS,16,12,88,0.18181818181818182
map_based_prediction,path_generator,_ZNK8autoware20map_based_prediction13PathGenerator22generatePolynomialPathERKN24autoware_perception_,16,6,204,0.0784313725490196
map_based_prediction,predictor_vru,_ZNK5boost8geometry6detail9get_turns29unique_sub_range_from_sectionILb1ENS0_7sectionINS0_5model3boxI,16,6,225,0.07111111111111111
map_based_prediction,predictor_vru,_ZN5boost8geometry8strategy12intersection18cartesian_segmentsIvE16relate_collinearILm0ENS0_8policies,16,2,312,0.05128205128205128
map_based_prediction,predictor_vru,_ZN5boost8geometry8strategy12intersection18cartesian_segmentsIvE16relate_collinearILm1ENS0_8policies,16,2,312,0.05128205128205128
map_based_prediction,predictor_vru,_ZN5boost8geometry8strategy12intersection18cartesian_segmentsIvE16relate_collinearILm0ENS0_8policies,16,2,312,0.05128205128205128
map_based_prediction,predictor_vru,_ZN5boost8geometry8strategy12intersection18cartesian_segmentsIvE16relate_collinearILm1ENS0_8policies,16,2,312,0.05128205128205128
multi_object_tracker,association,_ZN5boost8geometry5index6detail5rtree9quadratic10pick_seedsINS0_5model3boxINS6_5pointIdLm2ENS0_2cs9c,16,2,80,0.2
multi_object_tracker,pedestrian_tracker,_ZN8autoware20multi_object_tracker17PedestrianTracker7measureERKNS0_5types13DynamicObjectERKN6rclcpp,16,3,178,0.0898876404494382
multi_object_tracker,processor,_ZN5boost8geometry5index6detail5rtree9quadratic10pick_seedsINS0_5model3boxINS6_5pointIdLm2ENS0_2cs9c,16,2,80,0.2
multi_object_tracker,shapes,_ZN5boost8geometry6detail11recalculate17recalculate_pointILm2EE5applyINS0_5model5pointIxLm2ENS0_2cs9,16,0,104,0.15384615384615385
multi_object_tracker,shapes,_ZNK5boost8geometry8strategy12intersection18cartesian_segmentsIvE25segment_intersection_infoIdNS0_13,16,4,176,0.09090909090909091
multi_object_tracker,shapes,_ZN5boost8geometry6detail7overlay19append_no_collinearINS0_5model4ringIN23autoware_utils_geometry7Po,16,14,264,0.06060606060606061
multi_object_tracker,shapes,_ZN5boost8geometry6detail7overlay24append_no_dups_or_spikesINS0_5model4ringIN23autoware_utils_geomet,16,14,264,0.06060606060606061
multi_object_tracker,ssp,_ZN8autoware20multi_object_tracker10gnn_solver3SSP24maximizeLinearAssignmentERKSt6vectorIS3_IdSaIdEE,16,183,2780,0.0057553956834532375
multi_object_tracker,static_motion_model,_ZNK8autoware20multi_object_tracker17StaticMotionModel16predictStateStepEdRNS0_20KalmanFilterTemplat,16,0,24,0.6666666666666666
multi_object_tracker,uncertainty_processor,_ZN5Eigen8internal29general_matrix_vector_productIldNS0_22const_blas_data_mapperIdlLi1EEELi1ELb0EdNS,16,9,40,0.4
multi_object_tracker,uncertainty_processor,_ZN5Eigen8internal29general_matrix_vector_productIldNS0_22const_blas_data_mapperIdlLi1EEELi1ELb0EdNS,16,12,88,0.18181818181818182
multi_object_tracker,unknown_tracker,_ZN5Eigen8internal29general_matrix_vector_productIldNS0_22const_blas_data_mapperIdlLi1EEELi1ELb0EdNS,16,9,40,0.4
multi_object_tracker,unknown_tracker,_ZN5Eigen8internal29general_matrix_vector_productIldNS0_22const_blas_data_mapperIdlLi1EEELi1ELb0EdNS,16,12,88,0.18181818181818182
velocity_smoother,smoother_base,_ZNK8autoware17velocity_smoother12SmootherBase30applyLateralAccelerationFilterERKSt6vectorIN22autowa,16,50,798,0.020050125313283207
autonomous_emergency_braking,utils,_ZN8autoware6motion7control28autonomous_emergency_braking5utils20transformObjectFrameERKN24autoware_,15,0,188,0.0797872340425532
map_based_prediction,predictor_vru,_ZN5boost8geometry8policies6relate28segments_intersection_pointsINS0_27segment_intersection_pointsIN,15,7,206,0.07281553398058252
map_based_prediction,predictor_vru,_ZN5boost8geometry8policies6relate28segments_intersection_pointsINS0_27segment_intersection_pointsIN,15,7,206,0.07281553398058252
multi_object_tracker,bicycle_motion_model,_ZN5Eigen8internal15partial_lu_implIdLi0EiLi6EE12unblocked_luERNS_3RefINS_6MatrixIdLi6ELi6ELi0ELi6EL,15,30,716,0.02094972067039106
multi_object_tracker,shapes,_ZN5boost8geometry6detail18point_is_collinearIN23autoware_utils_geometry7Point2dES4_S4_NS0_8strategy,15,5,64,0.234375
multi_object_tracker,uncertainty_processor,_ZN5Eigen8internal20generic_product_implINS_9TransposeINS_6MatrixIdLin1ELin1ELi0ELin1ELin1EEEEEKNS_5,15,11,172,0.0872093023255814
multi_object_tracker,uncertainty_processor,_ZN5Eigen8internal20generic_product_implIKNS_5BlockIKNS_9TransposeINS_6MatrixIdLin1ELin1ELi0ELin1ELi,15,11,164,0.09146341463414634
shape_estimation,bounding_box,_ZN8autoware16shape_estimation5model21BoundingBoxShapeModel22calcClosenessCriterionERKSt6vectorIfSaI,15,13,184,0.08152173913043478
shape_estimation,convex_hull,_ZN8autoware16shape_estimation5model20ConvexHullShapeModel8estimateERKN3pcl10PointCloudINS3_8PointXY,15,42,405,0.037037037037037035
autonomous_emergency_braking,node,_ZSt9__find_ifISt15_Deque_iteratorISt4pairIdN6rclcpp4TimeEERS4_PS4_EN9__gnu_cxx5__ops10_Iter_predIZN,14,16,844,0.016587677725118485
ekf_localizer,mahalanobis,_ZN5Eigen8internal21dense_assignment_loopINS0_41restricted_packet_dense_assignment_kernelINS0_9evalu,14,31,408,0.03431372549019608
ekf_localizer,mahalanobis,_ZN5Eigen8internal11gebp_kernelIddlNS0_16blas_data_mapperIdlLi0ELi0ELi1EEELi4ELi4ELb0ELb0EEclERKS3_P,14,10,88,0.1590909090909091
ekf_localizer,mahalanobis,_ZN5Eigen8internal11gebp_kernelIddlNS0_16blas_data_mapperIdlLi0ELi0ELi1EEELi4ELi4ELb0ELb0EEclERKS3_P,14,24,312,0.04487179487179487
map_based_prediction,map_based_prediction_node,_ZN8autoware20map_based_prediction22MapBasedPredictionNode39predictObjectManeuverByTimeToLaneChangeE,14,14,449,0.031180400890868598
map_based_prediction,path_generator,_ZNK8autoware20map_based_prediction13PathGenerator25generatePathToTargetPointERKN24autoware_percepti,14,5,204,0.06862745098039216
multi_object_tracker,association,_ZN5boost8geometry5index6detail5rtree8visitors6insertISt4pairINS0_5model5pointIdLm2ENS0_2cs9cartesia,14,0,48,0.2916666666666667
multi_object_tracker,association,_ZN5boost8geometry5index6detail5rtree8visitors6insertISt4pairINS0_5model5pointIdLm2ENS0_2cs9cartesia,14,0,48,0.2916666666666667
multi_object_tracker,association,_ZN5boost8geometry5index6detail5rtree8visitors6detail6insertISt4pairINS0_5model5pointIdLm2ENS0_2cs9c,14,0,48,0.2916666666666667
multi_object_tracker,association,_ZN5boost8geometry5index6detail5rtree8visitors6detail6insertISt4pairINS0_5model5pointIdLm2ENS0_2cs9c,14,0,48,0.2916666666666667
multi_object_tracker,bicycle_motion_model,_ZN8autoware20multi_object_tracker18BicycleMotionModel18updateStatePoseVelERKdS3_RKSt5arrayIdLm36EES,14,0,314,0.044585987261146494
multi_object_tracker,bicycle_motion_model,_ZN5Eigen8internal11gebp_kernelIddlNS0_16blas_data_mapperIdlLi0ELi0ELi1EEELi4ELi4ELb0ELb0EEclERKS3_P,14,10,88,0.1590909090909091
multi_object_tracker,bicycle_motion_model,_ZN5Eigen8internal11gebp_kernelIddlNS0_16blas_data_mapperIdlLi0ELi0ELi1EEELi4ELi4ELb0ELb0EEclERKS3_P,14,24,312,0.04487179487179487
multi_object_tracker,processor,_ZN5boost8geometry5index6detail5rtree8visitors6insertISt4pairINS0_5model5pointIdLm2ENS0_2cs9cartesia,14,0,48,0.2916666666666667
multi_object_tracker,processor,_ZN5boost8geometry5index6detail5rtree8visitors6insertISt4pairINS0_5model5pointIdLm2ENS0_2cs9cartesia,14,0,48,0.2916666666666667
multi_object_tracker,processor,_ZN5boost8geometry5index6detail5rtree8visitors6detail6insertISt4pairINS0_5model5pointIdLm2ENS0_2cs9c,14,0,48,0.2916666666666667
multi_object_tracker,processor,_ZN5boost8geometry5index6detail5rtree8visitors6detail6insertISt4pairINS0_5model5pointIdLm2ENS0_2cs9c,14,0,48,0.2916666666666667
multi_object_tracker,tracker_base,_ZNK8autoware20multi_object_tracker7Tracker28getPositionCovarianceEigenSqERKN6rclcpp4TimeERdS6_,14,11,383,0.03655352480417755
multi_object_tracker,uncertainty_processor,_ZN5Eigen8internal11gebp_kernelIddlNS0_16blas_data_mapperIdlLi0ELi0ELi1EEELi4ELi4ELb0ELb0EEclERKS3_P,14,10,88,0.1590909090909091
multi_object_tracker,uncertainty_processor,_ZN5Eigen8internal11gebp_kernelIddlNS0_16blas_data_mapperIdlLi0ELi0ELi1EEELi4ELi4ELb0ELb0EEclERKS3_P,14,24,312,0.04487179487179487
multi_object_tracker,unknown_tracker,_ZN5Eigen8internal11gebp_kernelIddlNS0_16blas_data_mapperIdlLi0ELi0ELi1EEELi4ELi4ELb0ELb0EEclERKS3_P,14,10,88,0.1590909090909091
multi_object_tracker,unknown_tracker,_ZN5Eigen8internal11gebp_kernelIddlNS0_16blas_data_mapperIdlLi0ELi0ELi1EEELi4ELi4ELb0ELb0EEclERKS3_P,14,24,312,0.04487179487179487
ndt_scan_matcher,multi_voxel_grid_covariance_omp,_ZNK6pclomp24MultiVoxelGridCovarianceIN3pcl8PointXYZEE10updateLeafERKS2_RKiRNS3_4LeafE,14,2,132,0.10606060606060606
ndt_scan_matcher,multi_voxel_grid_covariance_omp,_ZNK6pclomp24MultiVoxelGridCovarianceIN3pcl9PointXYZIEE10updateLeafERKS2_RKiRNS3_4LeafE,14,2,132,0.10606060606060606
shape_estimation,bounding_box,_ZN8autoware16shape_estimation5model21BoundingBoxShapeModel8optimizeERKN3pcl10PointCloudINS3_8PointX,14,39,236,0.059322033898305086
autonomous_emergency_braking,node,_ZNK5boost8geometry6detail7overlay15side_calculatorINS0_13cartesian_tagENS2_23robust_subrange_adapte,13,4,88,0.14772727272727273
autonomous_emergency_braking,node,_ZNK5boost8geometry6detail7overlay15side_calculatorINS0_13cartesian_tagENS2_23robust_subrange_adapte,13,4,80,0.1625
autonomous_emergency_braking,node,_ZNK5boost8geometry6detail7overlay15side_calculatorINS0_13cartesian_tagENS2_23robust_subrange_adapte,13,4,88,0.14772727272727273
map_based_prediction,map_based_prediction_node,_ZNK3tf29Matrix3x311getEulerYPRERdS1_S1_j,13,0,120,0.10833333333333334
multi_object_tracker,association,_ZN8autoware20multi_object_tracker15DataAssociation15calcScoreMatrixERKNS0_5types17DynamicObjectList,13,50,1376,0.00944767441860465
multi_object_tracker,shapes,_ZNK5boost8geometry6detail7overlay15side_calculatorINS0_13cartesian_tagENS2_23robust_subrange_adapte,13,4,88,0.14772727272727273
multi_object_tracker,shapes,_ZNK5boost8geometry6detail7overlay15side_calculatorINS0_13cartesian_tagENS2_23robust_subrange_adapte,13,4,80,0.1625
multi_object_tracker,shapes,_ZNK5boost8geometry6detail7overlay15side_calculatorINS0_13cartesian_tagENS2_23robust_subrange_adapte,13,4,88,0.14772727272727273
multi_object_tracker,tracker_base,_ZN8autoware20multi_object_tracker7Tracker20updateClassificationERKSt6vectorIN24autoware_perception_,13,1,32,0.40625
multi_object_tracker,tracker_base,_ZN8autoware20multi_object_tracker7Tracker20updateClassificationERKSt6vectorIN24autoware_perception_,13,10,176,0.07386363636363637
ndt_scan_matcher,ndt_scan_matcher_core,_ZN8autoware16ndt_scan_matcher14NDTScanMatcher10align_poseERKN13geometry_msgs3msg26PoseWithCovarianc,13,56,1986,0.006545820745216516
occupancy_grid_map_node,fusion_policy,_ZN8autoware18occupancy_grid_map13fusion_policy15log_odds_fusion13logOddsFusionERKSt6vectorIdSaIdEES,13,4,138,0.09420289855072464
velocity_smoother,analytical_jerk_constrained_smoother,_ZNK8autoware17velocity_smoother33AnalyticalJerkConstrainedSmoother24applyBackwardDecelFilterERKSt6v,13,28,1093,0.011893870082342177
velocity_smoother,analytical_jerk_constrained_smoother,_ZNK8autoware17velocity_smoother33AnalyticalJerkConstrainedSmoother30applyLateralAccelerationFilterE,13,48,1105,0.011764705882352941
autonomous_emergency_braking,node,_ZN8autoware6motion7control28autonomous_emergency_braking3AEB12hasCollisionEdRKNS2_10ObjectDataE,12,4,235,0.05106382978723404
autonomous_emergency_braking,node,_ZN3tf211doTransformIN13geometry_msgs3msg5Pose_ISaIvEEEEEvRKT_RS6_RKNS2_17TransformStamped_IS4_EE,12,0,304,0.039473684210526314
autonomous_emergency_braking,node,_ZN5boost8geometry6detail7correct15correct_polygonINS0_5model7polygonIN23autoware_utils_geometry7Poi,12,2,120,0.1
autonomous_emergency_braking,utils,_ZN3tf211doTransformIN13geometry_msgs3msg5Pose_ISaIvEEEEEvRKT_RS6_RKNS2_17TransformStamped_IS4_EE,12,0,304,0.039473684210526314
autonomous_emergency_braking,utils,_ZN5boost8geometry6detail7correct15correct_polygonINS0_5model7polygonIN23autoware_utils_geometry7Poi,12,2,120,0.1
ekf_localizer,ekf_module,_ZN8autoware13ekf_localizer9EKFModule24measurement_update_twistERKN13geometry_msgs3msg27TwistWithCov,12,36,1375,0.008727272727272728
ekf_localizer,mahalanobis,_ZN5Eigen8internal11gebp_kernelIddlNS0_16blas_data_mapperIdlLi0ELi0ELi1EEELi4ELi4ELb0ELb0EEclERKS3_P,12,9,96,0.125
ekf_localizer,mahalanobis,_ZN5Eigen8internal11gebp_kernelIddlNS0_16blas_data_mapperIdlLi0ELi0ELi1EEELi4ELi4ELb0ELb0EEclERKS3_P,12,23,320,0.0375
ekf_localizer,mahalanobis,_ZN5Eigen8internal29general_matrix_vector_productIldNS0_22const_blas_data_mapperIdlLi1EEELi1ELb0EdNS,12,6,16,0.75
ekf_localizer,mahalanobis,_ZN5Eigen8internal29general_matrix_vector_productIldNS0_22const_blas_data_mapperIdlLi1EEELi1ELb0EdNS,12,9,64,0.1875
map_based_prediction,map_based_prediction_node,_ZN3tf211doTransformIN13geometry_msgs3msg12PoseStamped_ISaIvEEEEEvRKT_RS6_RKNS2_17TransformStamped_I,12,0,320,0.0375
map_based_prediction,map_based_prediction_node,_ZNK8autoware20map_based_prediction22MapBasedPredictionNode28convertLaneletPathToPosePathERKN7lanele,12,30,1227,0.009779951100244499
map_based_prediction,predictor_vru,_ZN8autoware20map_based_prediction12_GLOBAL__N_122getCrosswalkEdgePointsERKN7lanelet12ConstLaneletE,12,16,744,0.016129032258064516
map_based_prediction,predictor_vru,_ZN5boost8geometry6detail9get_turns21get_turns_in_sectionsISt6vectorIN5Eigen6MatrixIdLi2ELi1ELi0ELi2,12,41,670,0.01791044776119403
map_based_prediction,predictor_vru,_ZN5boost8geometry6detail7overlay18collinear_oppositeINS2_9turn_infoIN5Eigen6MatrixIdLi2ELi1ELi0ELi2,12,9,590,0.020338983050847456
map_based_prediction,predictor_vru,_ZN5boost8geometry6detail9get_turns17get_turns_genericINS0_5model10linestringINS4_2d28point_xyIdNS0_,12,2,104,0.11538461538461539
map_based_prediction,predictor_vru,_ZN5boost8geometry6detail9get_turns17get_turns_genericINS0_5model10linestringINS4_2d28point_xyIdNS0_,12,6,168,0.07142857142857142
map_based_prediction,predictor_vru,_ZN5boost8geometry6detail9get_turns17get_turns_genericINS0_5model10linestringINS4_2d28point_xyIdNS0_,12,2,104,0.11538461538461539
map_based_prediction,predictor_vru,_ZN5boost8geometry6detail9get_turns17get_turns_genericINS0_5model10linestringINS4_2d28point_xyIdNS0_,12,6,168,0.07142857142857142
map_based_prediction,predictor_vru,_ZN5boost8geometry6detail9get_turns17get_turns_genericISt6vectorIN5Eigen6MatrixIdLi2ELi1ELi0ELi2ELi1,12,2,104,0.11538461538461539
map_based_prediction,predictor_vru,_ZN5boost8geometry6detail9get_turns17get_turns_genericISt6vectorIN5Eigen6MatrixIdLi2ELi1ELi0ELi2ELi1,12,6,168,0.07142857142857142
map_based_prediction,predictor_vru,_ZN5boost8geometry6detail9get_turns17get_turns_genericISt6vectorIN5Eigen6MatrixIdLi2ELi1ELi0ELi2ELi1,12,2,104,0.11538461538461539
map_based_prediction,predictor_vru,_ZN5boost8geometry6detail9get_turns17get_turns_genericISt6vectorIN5Eigen6MatrixIdLi2ELi1ELi0ELi2ELi1,12,6,168,0.07142857142857142
multi_object_tracker,adaptive_threshold_cache,_ZN8autoware20multi_object_tracker22AdaptiveThresholdCacheC2Ev.extracted,12,1,8,1.5
multi_object_tracker,adaptive_threshold_cache,_ZN8autoware20multi_object_tracker22AdaptiveThresholdCacheC2Ev.extracted.instrumented,12,5,72,0.16666666666666666
multi_object_tracker,adaptive_threshold_cache,_ZN8autoware20multi_object_tracker22AdaptiveThresholdCache32initializeDistanceInfluenceTableEv.extra,12,1,8,1.5
multi_object_tracker,adaptive_threshold_cache,_ZN8autoware20multi_object_tracker22AdaptiveThresholdCache32initializeDistanceInfluenceTableEv.extra,12,5,72,0.16666666666666666
multi_object_tracker,bicycle_motion_model,_ZN5Eigen8internal11gebp_kernelIddlNS0_16blas_data_mapperIdlLi0ELi0ELi1EEELi4ELi4ELb0ELb0EEclERKS3_P,12,9,96,0.125
multi_object_tracker,bicycle_motion_model,_ZN5Eigen8internal11gebp_kernelIddlNS0_16blas_data_mapperIdlLi0ELi0ELi1EEELi4ELi4ELb0ELb0EEclERKS3_P,12,23,320,0.0375
multi_object_tracker,ctrv_motion_model,_ZN8autoware20multi_object_tracker15CTRVMotionModel11limitStatesEv,12,3,112,0.10714285714285714
multi_object_tracker,pedestrian_tracker,_ZN8autoware20multi_object_tracker17PedestrianTracker16measureWithShapeERKNS0_5types13DynamicObjectE,12,3,64,0.1875
multi_object_tracker,shapes,_ZN8autoware20multi_object_tracker6shapes18getConvexShapeAreaERKN5boost8geometry5model7polygonIN23au,12,5,160,0.075
multi_object_tracker,shapes,_ZN5boost8geometry26enrich_intersection_pointsILb0ELb0ELNS0_12overlay_typeE1ESt5dequeINS0_6detail7ov,12,4,128,0.09375
multi_object_tracker,shapes,_ZN5boost8geometry26enrich_intersection_pointsILb0ELb0ELNS0_12overlay_typeE1ESt5dequeINS0_6detail7ov,12,4,128,0.09375
multi_object_tracker,shapes,_ZN5boost8geometry26enrich_intersection_pointsILb0ELb0ELNS0_12overlay_typeE0ESt5dequeINS0_6detail7ov,12,4,128,0.09375
multi_object_tracker,shapes,_ZN5boost8geometry26enrich_intersection_pointsILb0ELb0ELNS0_12overlay_typeE0ESt5dequeINS0_6detail7ov,12,4,128,0.09375
multi_object_tracker,uncertainty_processor,_ZN5Eigen8internal29general_matrix_vector_productIldNS0_22const_blas_data_mapperIdlLi1EEELi1ELb0EdNS,12,6,16,0.75
multi_object_tracker,uncertainty_processor,_ZN5Eigen8internal29general_matrix_vector_productIldNS0_22const_blas_data_mapperIdlLi1EEELi1ELb0EdNS,12,9,64,0.1875
multi_object_tracker,uncertainty_processor,_ZN5Eigen8internal11gebp_kernelIddlNS0_16blas_data_mapperIdlLi0ELi0ELi1EEELi4ELi4ELb0ELb0EEclERKS3_P,12,9,96,0.125
multi_object_tracker,uncertainty_processor,_ZN5Eigen8internal11gebp_kernelIddlNS0_16blas_data_mapperIdlLi0ELi0ELi1EEELi4ELi4ELb0ELb0EEclERKS3_P,12,23,320,0.0375
multi_object_tracker,unknown_tracker,_ZN5Eigen8internal29general_matrix_vector_productIldNS0_22const_blas_data_mapperIdlLi1EEELi1ELb0EdNS,12,6,16,0.75
multi_object_tracker,unknown_tracker,_ZN5Eigen8internal29general_matrix_vector_productIldNS0_22const_blas_data_mapperIdlLi1EEELi1ELb0EdNS,12,9,64,0.1875
multi_object_tracker,unknown_tracker,_ZN5Eigen8internal11gebp_kernelIddlNS0_16blas_data_mapperIdlLi0ELi0ELi1EEELi4ELi4ELb0ELb0EEclERKS3_P,12,9,96,0.125
multi_object_tracker,unknown_tracker,_ZN5Eigen8internal11gebp_kernelIddlNS0_16blas_data_mapperIdlLi0ELi0ELi1EEELi4ELi4ELb0ELb0EEclERKS3_P,12,23,320,0.0375
ndt_scan_matcher,estimate_covariance,_ZN6pclomp30rotate_covariance_to_base_linkERKN5Eigen6MatrixIdLi2ELi2ELi0ELi2ELi2EEERKNS1_IfLi4ELi4EL,12,0,16,0.75
ndt_scan_matcher,estimate_covariance,_ZN6pclomp24rotate_covariance_to_mapERKN5Eigen6MatrixIdLi2ELi2ELi0ELi2ELi2EEERKNS1_IfLi4ELi4ELi0ELi4,12,0,8,1.5
velocity_smoother,trajectory_utils,_ZN8autoware17velocity_smoother16trajectory_utils55calcVelocityProfileWithConstantJerkAndAcceleratio,12,11,144,0.08333333333333333
ekf_localizer,mahalanobis,_ZN5Eigen8internal10redux_implINS0_13scalar_max_opIddLi0EEENS0_15redux_evaluatorINS_16PartialReduxEx,11,28,272,0.04044117647058824
ekf_localizer,mahalanobis,_ZN5Eigen8internal23triangular_solve_matrixIdlLi1ELi2ELb0ELi0ELi0ELi1EE3runEllPKdlPdllRNS0_15level3_,11,102,264,0.041666666666666664
multi_object_tracker,bicycle_motion_model,_ZN8autoware20multi_object_tracker18BicycleMotionModel19updateStatePoseRearERKdS3_RKSt5arrayIdLm36EE,11,0,137,0.08029197080291971
multi_object_tracker,bicycle_motion_model,_ZN8autoware20multi_object_tracker18BicycleMotionModel20updateStatePoseFrontERKdS3_RKSt5arrayIdLm36E,11,0,137,0.08029197080291971
multi_object_tracker,bicycle_motion_model,_ZN5Eigen8internal23triangular_solve_matrixIdlLi1ELi2ELb0ELi0ELi0ELi1EE3runEllPKdlPdllRNS0_15level3_,11,102,264,0.041666666666666664
multi_object_tracker,tracker_base,_ZNK8autoware20multi_object_tracker7Tracker11isConfidentERKNS0_22AdaptiveThresholdCacheERKSt8optiona,11,1,74,0.14864864864864866
trajectory_follower_controller,simple_trajectory_follower,_ZN26simple_trajectory_follower24SimpleTrajectoryFollower12calcSteerCmdEv,11,4,213,0.051643192488262914
velocity_smoother,trajectory_utils,_ZN8autoware17velocity_smoother16trajectory_utils31calcInterpolatedTrajectoryPointERKSt6vectorIN22au,11,2,108,0.10185185185185185
velocity_smoother,velocity_planning_utils,_ZN8autoware17velocity_smoother34analytical_velocity_planning_utils7integ_xEddddd,11,0,0,0.0
autonomous_emergency_braking,node,_ZN8autoware6motion7control28autonomous_emergency_braking3AEB5onImuESt10shared_ptrIKN11sensor_msgs3m,10,8,373,0.02680965147453083
autonomous_emergency_braking,node,_ZSt13__introselectIN9__gnu_cxx17__normal_iteratorIPdSt6vectorIdSaIdEEEElNS0_5__ops15_Iter_less_iter,10,6,272,0.03676470588235294
ekf_localizer,mahalanobis,_ZN5Eigen8internal29general_matrix_vector_productIldNS0_22const_blas_data_mapperIdlLi1EEELi1ELb0EdNS,10,8,12,0.8333333333333334
ekf_localizer,mahalanobis,_ZN5Eigen8internal29general_matrix_vector_productIldNS0_22const_blas_data_mapperIdlLi1EEELi1ELb0EdNS,10,11,60,0.16666666666666666
map_based_prediction,map_based_prediction_node,_ZN7lanelet8geometry8length3dINS_7LaneletEEEdRKT_.extracted,10,0,68,0.14705882352941177
map_based_prediction,map_based_prediction_node,_ZN7lanelet8geometry8length3dINS_7LaneletEEEdRKT_.extracted.instrumented,10,4,132,0.07575757575757576
map_based_prediction,path_generator,_ZNK8autoware20map_based_prediction13PathGenerator19calcLonCoefficientsERKNS0_11FrenetPointES4_d,10,0,12,0.8333333333333334
map_based_prediction,predictor_vru,_ZNK5boost8geometry6detail7overlay17intersection_infoINS1_9get_turns29unique_sub_range_from_sectionI,10,3,222,0.04504504504504504
map_based_prediction,predictor_vru,_ZN5boost8geometry6detail7overlay18collinear_oppositeINS2_9turn_infoINS0_5model2d28point_xyIdNS0_2cs,10,11,535,0.018691588785046728
map_based_prediction,predictor_vru,_ZNK5boost8geometry6detail7overlay17intersection_infoINS1_9get_turns29unique_sub_range_from_sectionI,10,5,284,0.035211267605633804
map_based_prediction,predictor_vru,_ZNK5boost8geometry6detail7overlay17intersection_infoINS1_9get_turns29unique_sub_range_from_sectionI,10,5,284,0.035211267605633804
multi_object_tracker,cv_motion_model,_ZNK8autoware20multi_object_tracker13CVMotionModel16predictStateStepEdRNS0_20KalmanFilterTemplateILi,10,0,156,0.0641025641025641
multi_object_tracker,debug_object,_ZNK8autoware20multi_object_tracker21TrackerObjectDebugger4drawERKSt6vectorIS2_INS0_10ObjectDataESaI,10,173,2459,0.004066693777958519
multi_object_tracker,shapes,_ZN5boost8geometry6detail9partition20partition_two_rangesILi0ENS0_5model3boxIN23autoware_utils_geome,10,35,904,0.011061946902654867
multi_object_tracker,shapes,_ZN5boost8geometry6detail9partition20partition_two_rangesILi1ENS0_5model3boxIN23autoware_utils_geome,10,35,904,0.011061946902654867
multi_object_tracker,uncertainty_processor,_ZN5Eigen8internal29general_matrix_vector_productIldNS0_22const_blas_data_mapperIdlLi1EEELi1ELb0EdNS,10,8,12,0.8333333333333334
multi_object_tracker,uncertainty_processor,_ZN5Eigen8internal29general_matrix_vector_productIldNS0_22const_blas_data_mapperIdlLi1EEELi1ELb0EdNS,10,11,60,0.16666666666666666
multi_object_tracker,unknown_tracker,_ZN5Eigen8internal29general_matrix_vector_productIldNS0_22const_blas_data_mapperIdlLi1EEELi1ELb0EdNS,10,8,12,0.8333333333333334
multi_object_tracker,unknown_tracker,_ZN5Eigen8internal29general_matrix_vector_productIldNS0_22const_blas_data_mapperIdlLi1EEELi1ELb0EdNS,10,11,60,0.16666666666666666
velocity_smoother,node,_ZNK8autoware17velocity_smoother20VelocitySmootherNode17calcInitialMotionERKSt6vectorIN22autoware_pl,10,27,1349,0.007412898443291327
autonomous_emergency_braking,utils,_ZN8autoware12motion_utils17calcLateralOffsetISt6vectorIN13geometry_msgs3msg5Pose_ISaIvEEESaIS7_EEEE,9,20,803,0.0112079701120797
map_based_prediction,map_based_prediction_node,_ZN8autoware12motion_utils17calcLateralOffsetISt6vectorIN13geometry_msgs3msg6Point_ISaIvEEESaIS7_EEE,9,20,803,0.0112079701120797
map_based_prediction,path_generator,_ZNK8autoware20map_based_prediction13PathGenerator17interpolationLerpERKSt6vectorIdSaIdEES6_S6_,9,14,248,0.036290322580645164
map_based_prediction,predictor_vru,_ZZN8autoware20map_based_prediction12_GLOBAL__N_130isReachableCrosswalkEdgePointsERKN24autoware_perc,9,67,2289,0.003931847968545216
map_based_prediction,utils,_ZN8autoware12motion_utils17calcLateralOffsetISt6vectorIN13geometry_msgs3msg6Point_ISaIvEEESaIS7_EEE,9,20,803,0.0112079701120797
